0.6600851
0.6649619
0.6599468
0.6529335
0.6585159
0.660673
0.649758
0.6421612
0.6461417
0.6450162
0.6348738
0.636476
0.6471298
0.6482589
0.640404
0.6408048
0.6689115
0.7074763
0.7170781
0.7006157
0.6813997
0.6637502
0.6561621
0.6523213
0.6459257
0.6454526
0.6530177
0.6605036
0.6579111
0.6534802
0.6603183
0.6657329
0.6611616
0.66593
0.6754837
0.6828742
0.683001
0.6764152
0.6813891
0.6902132
0.6902577
0.6802054
0.6759426
0.6853529
0.689831
0.6816486
0.6750377
0.6783205
0.6824061
0.6746133
0.6640777
0.6688471
0.6754183
0.6689384
0.6627339
0.6677817
0.6726877
0.6666921
0.6609556
0.6677161
0.6768643
0.6698489
0.6601552
0.6687741
0.6806393
0.6751109
0.6646143
0.669259
0.6805716
0.6759115
0.6604668
0.6641772
0.6749214
0.6692466
0.660233
0.6658299
0.6755415
0.6660608
0.654072
0.6618857
0.6724466
0.6664758
0.655023
0.6613558
0.6705695
0.667174
0.6596462
0.6592909
0.6688151
0.6746941
0.6662886
0.6588284
0.667788
0.6743416
0.6625971
0.6515364
0.6615556
0.6735623
0.6685199
0.6566804
0.6563326
0.6667958
0.669228
0.6594602
0.6576966
0.6651162
0.6697802
0.6631288
0.6514292
0.6568166
0.6674962
0.6714846
0.6665976
0.6601561
0.6686691
0.6831342
0.6813467
0.6679464
0.6749103
0.6878654
0.6779438
0.6682737
0.6786223
0.6895419
0.6779134
0.6622001
0.6780148
0.6926451
0.6797935
0.6667472
0.6682478
0.693237
0.7082221
0.692027
0.6813012
0.6848807
0.6923477
0.708322
0.7206202
0.70443
0.6851987
0.6874394
0.6933052
0.6933339
0.6829251
0.6683792
0.6599638
0.6528284
0.6431064
0.6329086
0.6253555
0.6251567
0.6332014
0.6414635
0.6442987
0.640208
0.6396593
0.6495784
0.6591467
0.6579965
0.6479176
0.6482695
0.6563603
0.6594855
0.6537312
0.648061
0.6555344
0.662854
0.6641183
0.6559092
0.6481062
0.6565987
0.6680038
0.6670935
0.6568208
0.6574118
0.6706956
0.6763965
0.6669079
0.6611854
0.6680502
0.6735725
0.6653542
0.6566698
0.6651145
0.6730472
0.6662344
0.6594913
0.6673215
0.678186
0.6725662
0.6644143
0.6711801
0.6827307
0.6775972
0.6630848
0.6705538
0.6833724
0.6766371
0.6737608
0.661892
0.6985817
0.7371421
0.6630288
0.6549651
0.7314963
0.7707392
0.7502277
0.702983
0.7005356
0.6990469
0.6772238
0.6655803
0.6669942
0.669552
0.6629329
0.6577318
0.6649103
0.6657816
0.6586853
0.6630587
0.6738778
0.672945
0.6610779
0.664515
0.6768294
0.6798445
0.6723747
0.6654652
0.6687737
0.6742124
0.6675209
0.6573818
0.6645417
0.6737511
0.6684211
0.6600898
0.6625372
0.6670542
0.6601484
0.6492248
0.6518304
0.6607848
0.6528132
0.642323
0.6471589
0.6524022
0.6513746
0.6441996
0.6439583
0.6539658
0.6551819
0.6466403
0.6475336
0.6561028
0.6575041
0.6477068
0.6403387
0.6482263
0.6551018
0.6481057
0.6384009
0.6436737
0.6526418
0.6475593
0.6422115
0.6459801
0.6543098
0.6545458
0.6456327
0.6506606
0.6616785
0.6573638
0.6480682
0.6530022
0.6612806
0.6560058
0.6484691
0.6544871
0.6594448
0.652351
0.6492776
0.6572611
0.6607228
0.6531257
0.6527926
0.6612132
0.6642082
0.6562097
0.6495094
0.6550655
0.6625648
0.6563578
0.6474325
0.6544615
0.6605447
0.6507755
0.6442463
0.6522681
0.6546187
0.645258
0.6425697
0.6485141
0.6521595
0.6472653
0.6411846
0.6454588
0.6521535
0.6525717
0.6448431
0.6400523
0.649562
0.6632665
0.6623628
0.6542464
0.6617985
0.6713697
0.6658711
0.658713
0.6651369
0.6731846
0.6647542
0.6540689
0.660964
0.6747283
0.6718191
0.6585385
0.6629742
0.6731154
0.6704421
0.6590835
0.6540597
0.6644214
0.6673084
0.6598719
0.6597165
0.6664191
0.6690113
0.6614906
0.6562479
0.6655489
0.6679229
0.6594613
0.6623531
0.6703741
0.6677779
0.6594667
0.6647208
0.6756957
0.669025
0.6555344
0.6620147
0.6729015
0.6685764
0.6583194
0.6555782
0.6659037
0.6766599
0.6721667
0.6635741
0.6691847
0.6784414
0.6723076
0.660326
0.663657
0.671876
0.6705873
0.659964
0.6584459
0.667232
0.6693904
0.6619766
0.6535495
0.6605537
0.6740261
0.6706113
0.6588725
0.6622383
0.6723647
0.673034
0.664607
0.6612917
0.6857409
0.7281195
0.7397768
0.7166551
0.6928397
0.6730952
0.656279
0.6527495
0.6492223
0.6402288
0.6458646
0.6554602
0.6529356
0.6484631
0.6508639
0.6538733
0.6496231
0.6448224
0.6486421
0.6574164
0.6565023
0.6488698
0.655236
0.6672549
0.6658354
0.6584438
0.6613658
0.6693602
0.6679176
0.6601352
0.6640464
0.6733403
0.6676961
0.657821
0.6599269
0.66795
0.6638984
0.654711
0.6591144
0.6674783
0.6614049
0.6501668
0.6549534
0.6633026
0.6613543
0.6533494
0.6527262
0.6577996
0.658179
0.6510497
0.64258
0.6505229
0.6617175
0.6596411
0.6491074
0.6436835
0.6497372
0.655848
0.6492221
0.6393669
0.6435234
0.6498113
0.6424086
0.6342965
0.6416288
0.6495031
0.6439471
0.6352736
0.6365568
0.6465302
0.6463063
0.6380045
0.638627
0.6465079
0.6521175
0.6460214
0.6398297
0.6455801
0.6532085
0.6498422
0.6415914
0.6497024
0.6602625
0.6551144
0.6528089
0.6603023
0.6664437
0.6605384
0.6522252
0.6585573
0.6679872
0.6618219
0.6497449
0.6555793
0.6677672
0.6642256
0.6552029
0.6609252
0.669218
0.6642375
0.658195
0.6624609
0.6702558
0.6646084
0.6551222
0.6640962
0.6748761
0.6672035
0.6586208
0.6629142
0.6698274
0.6629781
0.6506366
0.6544548
0.6618293
0.6554328
0.6459827
0.6511443
0.6590146
0.6578753
0.6505854
0.6462676
0.6552875
0.6641398
0.6623047
0.6523989
0.6485355
0.6556936
0.666458
0.6639939
0.6514949
0.6569074
0.6683243
0.6626384
0.6518614
0.6551206
0.6623125
0.6625166
0.6559382
0.6507542
0.6567317
0.661673
0.6568964
0.6503471
0.6556619
0.6781411
0.6910449
0.6847413
0.6818307
0.6830313
0.6773836
0.6655481
0.6613236
0.6634781
0.6579043
0.6494044
0.6525123
0.6533291
0.6470841
0.6460533
0.6503743
0.6530214
0.6477466
0.6491952
0.655361
0.6543223
0.6540784
0.654602
0.6524335
0.6550346
0.6619531
0.6612552
0.65718
0.662362
0.667043
0.6681776
0.6640459
0.659709
0.6633817
0.6664654
0.6641136
0.6567816
0.6571345
0.6624761
0.6623344
0.6584611
0.6569979
0.6611343
0.6646701
0.6663271
0.6687573
0.6655647
0.6564926
0.6563978
0.6623502
0.6555562
0.6440388
0.6457644
0.6507798
0.6455997
0.6388556
0.6417014
0.6470006
0.6511791
0.6478484
0.6384875
0.6381267
0.6394352
0.6343252
0.6333509
0.6397515
0.6461455
0.6462988
0.6384077
0.6331655
0.6350094
0.6390472
0.6406377
0.6427304
0.6426748
0.6351293
0.6348317
0.6386408
0.633994
0.6293741
0.6309075
0.6350907
0.6321601
0.6273954
0.6320427
0.6387351
0.6376679
0.6324957
0.635169
0.6426767
0.6460401
0.642516
0.6433925
0.653694
0.6586558
0.6562126
0.6561727
0.6654228
0.6660739
0.6574502
0.6635837
0.6704609
0.6652145
0.6567728
0.6538194
0.6583819
0.6623546
0.6580333
0.653563
0.6599912
0.6653407
0.6579862
0.6506934
0.6559522
0.6625429
0.6566433
0.6501028
0.656519
0.6662044
0.6626773
0.6538851
0.6590232
0.6662936
0.6621887
0.656122
0.6618082
0.6672342
0.6626685
0.6607033
0.6656552
0.666559
0.6582547
0.6555195
0.6638774
0.6638393
0.6533395
0.6569738
0.6663153
0.6619483
0.6544585
0.6628068
0.672019
0.6677297
0.660177
0.6730753
0.7113516
0.7279308
0.7045701
0.6741876
0.6608547
0.6604699
0.6602196
0.6545151
0.6532152
0.6587791
0.6575046
0.6506192
0.6499088
0.6540784
0.6545433
0.6503424
0.6513184
0.6575786
0.6578971
0.6519675
0.6540094
0.6638355
0.6643351
0.6588641
0.6640632
0.6678616
0.6622167
0.6701372
0.6763261
0.6676403
0.6739796
0.6837642
0.6767147
0.6720591
0.6816736
0.6826855
0.6705695
0.6737952
0.681291
0.6751872
0.6671283
0.668558
0.6708464
0.6637595
0.6566301
0.6612172
0.665951
0.6608416
0.6620308
0.6697906
0.6728968
0.6686382
0.6659975
0.6734303
0.6778207
0.6695966
0.6609406
0.6637306
0.6677253
0.6628861
0.6596743
0.6657454
0.666247
0.6566998
0.6540854
0.6633875
0.6620123
0.6505198
0.6557094
0.6666709
0.6612157
0.6525598
0.659289
0.6669619
0.6591527
0.6495425
0.6565126
0.6634262
0.6550173
0.6476491
0.6552666
0.6628099
0.657787
0.6514806
0.6564413
0.6627825
0.6589161
0.6598971
0.6658105
0.6669813
0.6604095
0.6553605
0.6621157
0.6683535
0.6607121
0.6521223
0.6608742
0.6713067
0.6647151
0.6560435
0.6617118
0.6664328
0.6602739
0.6540082
0.6588863
0.6631549
0.6589045
0.6595534
0.6689078
0.6697302
0.6594607
0.6594292
0.6697767
0.6677065
0.6546504
0.6576921
0.6654649
0.6644505
0.6569493
0.6507928
0.6556252
0.6543074
0.6449066
0.6459859
0.6549546
0.65071
0.6399361
0.6451005
0.6542876
0.6498901
0.6437479
0.6532675
0.6682991
0.6730489
0.6663997
0.6646712
0.6722394
0.6753829
0.6656336
0.6564048
0.6632542
0.6689667
0.6614116
0.6564879
0.6672709
0.6801966
0.6844169
0.6878909
0.6884987
0.680168
0.6733221
0.67398
0.6736092
0.6615696
0.6514547
0.6527227
0.6552309
0.6466443
0.6351763
0.6396903
0.6467074
0.6404986
0.633178
0.6395958
0.6489392
0.646256
0.6368377
0.6393256
0.6481837
0.6528662
0.6469666
0.6389802
0.6467349
0.6590294
0.654422
0.6423371
0.6499872
0.6621667
0.6557121
0.6471908
0.6557047
0.6666573
0.6634901
0.6558952
0.6599495
0.6675838
0.668135
0.6602561
0.6568221
0.6642461
0.6660975
0.6563327
0.6529064
0.6610791
0.668898
0.6637566
0.6529956
0.6601429
0.6700052
0.6586015
0.6445078
0.65274
0.6654891
0.6581623
0.6445194
0.6531503
0.661109
0.6506917
0.6371811
0.6407492
0.6733899
0.7054051
0.7199562
0.7156966
0.7038496
0.6915572
0.6734188
0.670178
0.6694954
0.6576532
0.6518342
0.655701
0.6541968
0.6462223
0.6506699
0.6621838
0.6605774
0.6485626
0.6474481
0.6499197
0.6505142
0.6510451
0.6457842
0.6358983
0.6264672
0.6238909
0.6162124
0.6064661
0.6046976
0.6031634
0.6020166
0.5985596
0.5925999
0.5895474
0.589637
0.5913501
0.5892615
0.5848854
0.585494
0.5906017
0.5919006
0.5869358
0.5856121
0.586023
0.5840949
0.5862146
0.5873747
0.5846231
0.583557
0.5844719
0.5866304
0.5859697
0.5820905
0.5800427
0.581158
0.5793306
0.5737886
0.5736641
0.5772779
0.5774128
0.5745835
0.5736168
0.5743638
0.5757198
0.5749747
0.5721066
0.5721158
0.5738432
0.5740357
0.5718324
0.5714966
0.572294
0.5728946
0.5739665
0.5718341
0.5726798
0.5760757
0.5768972
0.5759425
0.577481
0.5791044
0.5791428
0.5785426
0.5766339
0.5774806
0.572824
0.5689545
0.5731147
0.5756439
0.5741755
0.5730402
0.5761971
0.5807085
0.5798154
0.5775119
0.5785093
0.574993
0.5770981
0.5899447
0.5907401
0.5904616
0.598181
0.5961467
0.5912203
0.5908989
0.5921477
0.5882638
0.5832002
0.5850675
0.5855148
0.5825417
0.5805001
0.580694
0.5822563
0.5793183
0.5760748
0.5780869
0.5774742
0.5758587
0.5793472
0.5779289
0.5745925
0.5741965
0.5740397
0.5781775
0.5770494
0.5734642
0.5733931
0.5726821
0.5733929
0.5689925
0.5646257
0.5686411
0.5709075
0.5702335
0.5673972
0.5683747
0.5755027
0.5703203
0.5648236
0.5701781
0.571382
0.5675234
0.56356
0.5638003
0.5660518
0.5635996
0.5595839
0.5607832
0.5651882
0.5676335
0.5638916
0.5628705
0.5691368
0.5703192
0.56672
0.5643731
0.5670659
0.569464
0.5641969
0.5602854
0.5629238
0.5659029
0.565962
0.5617188
0.5632053
0.5693638
0.5660691
0.5602292
0.5589543
0.5634739
0.5669922
0.5638372
0.5625283
0.566683
0.5689013
0.5659708
0.5631709
0.5651968
0.5685785
0.5649008
0.5594307
0.5587428
0.5580872
0.5570417
0.5535737
0.5508941
0.5509241
0.5524116
0.5554125
0.5532145
0.5511753
0.5528244
0.5563769
0.5560078
0.5500136
0.5473126
0.5476858
0.5494642
0.5491667
0.5447697
0.5447568
0.5469495
0.5460139
0.5450162
0.5439462
0.5419989
0.5411747
0.5418054
0.5410703
0.5400207
0.5399965
0.5411061
0.5417413
0.5379432
0.5366351
0.5403129
0.5403553
0.5365728
0.5347009
0.5375207
0.5391298
0.5345682
0.5319377
0.5351761
0.537627
0.5372738
0.5356962
0.5365954
0.539304
0.5384169
0.5345473
0.5338202
0.5417233
0.556454
0.5646823
0.5609151
0.5564097
0.5523082
0.5468283
0.5454702
0.5431272
0.5413333
0.5380488
0.534546
0.5364276
0.5341607
0.531175
0.5307608
0.5314164
0.5313278
0.5297731
0.5281149
0.5270607
0.527971
0.5278929
0.5260576
0.5239647
0.5253838
0.5262045
0.5227564
0.5237517
0.5236214
0.5218301
0.5219166
0.517904
0.5176748
0.5188999
0.5194547
0.5213302
0.5206111
0.5171592
0.5163495
0.521803
0.5214292
0.5157818
0.5155824
0.5183687
0.5183881
0.5166719
0.514187
0.5153379
0.5194498
0.5181961
0.5149473
0.5141701
0.5148681
0.5172739
0.5162187
0.5119493
0.5146148
0.5167669
0.5154894
0.5142594
0.5107514
0.5105913
0.5178492
0.5291356
0.5353434
0.5344254
0.5327231
0.528905
0.5255118
0.5265381
0.5273941
0.5276057
0.5262265
0.5260704
0.5211272
0.516733
0.5180049
0.5170188
0.5159487
0.5151081
0.512666
0.5105996
0.514796
0.5176687
0.5130788
0.5114907
0.5144164
0.5154799
0.5166333
0.5138364
0.5151251
0.5214444
0.5257762
0.5277547
0.5252401
0.5283601
0.5321059
0.532024
0.5329527
0.5329749
0.5331095
0.5327545
0.5301433
0.5302454
0.5337222
0.5350873
0.5338259
0.531107
0.5323817
0.5386576
0.5408746
0.5380622
0.5383256
0.5427229
0.5461233
0.5456182
0.5423484
0.5431106
0.5478503
0.5532594
0.5530363
0.5481788
0.5481118
0.5520169
0.5592005
0.5632514
0.5639419
0.5660102
0.5680329
0.5766167
0.5813244
0.575637
0.5749271
0.5812514
0.5842153
0.5795081
0.5747647
0.5733096
0.5715879
0.567237
0.5640623
0.5594909
0.5605502
0.566975
0.5679214
0.5681014
0.564474
0.562081
0.56827
0.5721335
0.5675737
0.5660383
0.5699217
0.5730372
0.5726322
0.5682819
0.5693792
0.575489
0.5816481
0.5826729
0.5773344
0.5772086
0.5839762
0.5863781
0.5814989
0.5810967
0.5880882
0.5913312
0.5863849
0.5864255
0.5935074
0.6005561
0.5984096
0.5910773
0.5990518
0.6112667
0.6032822
0.5985077
0.6104693
0.611388
0.6083356
0.6104907
0.6082154
0.5971507
0.5954744
0.6017387
0.6024632
0.6122964
0.6107417
0.6025159
0.5998091
0.596838
0.6001816
0.5937687
0.5906262
0.5958636
0.5950029
0.586303
0.5829561
0.5865136
0.581066
0.5775594
0.5894397
0.5948815
0.5852007
0.5891567
0.5980021
0.5878315
0.5761784
0.5816161
0.5787085
0.5759866
0.5833869
0.5857028
0.5848757
0.5812504
0.5843315
0.5982284
0.6088678
0.604446
0.6025018
0.6094938
0.6187496
0.624653
0.6198097
0.6135812
0.6148157
0.6258187
0.6353964
0.6286669
0.624545
0.6381103
0.6455922
0.6358912
0.6244406
0.6356163
0.6820489
0.7226725
0.7245114
0.7162371
0.6957223
0.6630331
0.6626188
0.6639093
0.6443629
0.6377281
0.6457257
0.6448876
0.6333717
0.6358459
0.6501895
0.6536233
0.6419712
0.6405102
0.6535381
0.6540972
0.6396871
0.6367386
0.6472575
0.6443264
0.6298733
0.6316393
0.6439626
0.6441547
0.6335927
0.6360326
0.6528612
0.6613663
0.6425184
0.6504209
0.6709754
0.6274069
0.6211288
0.6850386
0.7083431
0.6753024
0.661034
0.6656201
0.6473085
0.6287354
0.6348244
0.6405807
0.6280875
0.6207931
0.6278404
0.6300113
0.6209513
0.6244075
0.6394578
0.6457525
0.6375015
0.6325979
0.646263
0.6486896
0.6334977
0.6350866
0.6474687
0.6432204
0.6290422
0.6303278
0.6402097
0.6357373
0.6268495
0.6320511
0.6414962
0.6397778
0.6301087
0.6288977
0.6393246
0.6449458
0.6340389
0.624076
0.6327798
0.6447045
0.6400622
0.6284336
0.6349905
0.6516521
0.6486269
0.634972
0.640449
0.6573344
0.6548358
0.6407732
0.6456135
0.6577726
0.6519422
0.638544
0.6428375
0.6523298
0.6446947
0.6317167
0.63454
0.6483646
0.643788
0.6323332
0.6395129
0.6455169
0.6369108
0.6275854
0.6357665
0.647228
0.6386634
0.62825
0.6379611
0.6489641
0.6400031
0.6287923
0.637517
0.6551099
0.6520867
0.6374955
0.6430491
0.6584454
0.6573153
0.6458308
0.6474014
0.6605933
0.6588335
0.644402
0.6471794
0.6592169
0.6512779
0.636506
0.6463041
0.6547423
0.6509165
0.6362837
0.6762838
0.6993621
0.6642524
0.7049426
0.7038553
0.6609297
0.6462693
0.6337587
0.6368617
0.6316389
0.625795
0.6298122
0.6402594
0.6417203
0.6343698
0.6421361
0.6604741
0.6599213
0.6474221
0.6542779
0.6688352
0.665123
0.6563885
0.664923
0.6659756
0.6481308
0.6431174
0.6498773
0.6448876
0.6336925
0.632817
0.633878
0.6310125
0.620265
0.6161588
0.6169327
0.6045912
0.6052583
0.6092424
0.6031982
0.6052119
0.6051599
0.6043929
0.6007508
0.5993411
0.5941698
0.584885
0.5872948
0.585032
0.581508
0.5846564
0.5926954
0.5965063
0.5969349
0.6010088
0.6117515
0.6224874
0.6198633
0.6178506
0.6187421
0.6241411
0.6255549
0.6188968
0.6182903
0.6119134
0.6081599
0.6159896
0.6160395
0.6114407
0.6227596
0.6317994
0.6260837
0.6278198
0.6292437
0.6273417
0.6418002
0.6593883
0.6651775
0.6601106
0.6545491
0.6577124
0.6655161
0.6732478
0.668691
0.6599259
0.6660266
0.6675363
0.6565854
0.6620231
0.6774198
0.6786408
0.6702879
0.6695917
0.6852559
0.6953036
0.6827509
0.6746663
0.6859627
0.6873637
0.6726038
0.66856
0.672074
0.6696669
0.6721036
0.6807851
0.6893096
0.6897414
0.6745593
0.6647023
0.6729472
0.6780741
0.6672172
0.6620972
0.668841
0.6673517
0.6598175
0.667634
0.7039201
0.7349734
0.7225425
0.6931512
0.6675559
0.6484187
0.6508876
0.6560951
0.6508149
0.6519526
0.6611286
0.6697296
0.6650055
0.6557847
0.6642972
0.6625363
0.655023
0.6686496
0.6704268
0.662469
0.6691843
0.6829017
0.6847604
0.6720381
0.6714438
0.6822813
0.6773265
0.6686755
0.6693018
0.6741684
0.6816359
0.6739612
0.6709321
0.6782689
0.6788129
0.6712494
0.6580984
0.6612778
0.666569
0.6570172
0.6496246
0.6584454
0.6675105
0.6608763
0.6570315
0.6653443
0.6721174
0.6660672
0.6574805
0.6657515
0.6740158
0.6654389
0.6604894
0.6701218
0.6758553
0.6665834
0.6614107
0.6689357
0.67004
0.660903
0.662262
0.6725116
0.670411
0.6653543
0.6777196
0.6868667
0.6764852
0.6628156
0.6589148
0.6654573
0.6632465
0.648753
0.6465444
0.6530815
0.6581362
0.6536376
0.6373432
0.6351663
0.6355997
0.6288789
0.6238176
0.6139817
0.6120538
0.6233018
0.6365544
0.6361475
0.6350811
0.6493045
0.6621661
0.6642226
0.6574574
0.6575909
0.6561998
0.649443
0.6597117
0.6768599
0.676746
0.6688237
0.6806964
0.6872186
0.6737566
0.6747995
0.6845653
0.6783866
0.667125
0.6743111
0.68346
0.6726631
0.6656089
0.667012
0.6761878
0.691232
0.6828779
0.6672435
0.6661726
0.671038
0.6768515
0.6833292
0.6793905
0.6625252
0.6578456
0.6616827
0.6613487
0.6639275
0.6668306
0.6716094
0.674781
0.6733418
0.6703739
0.6646157
0.6684024
0.6726257
0.6718148
0.6740683
0.6771345
0.6840714
0.6783907
0.6631366
0.6651603
0.6720574
0.6630453
0.6594208
0.671803
0.679476
0.6760759
0.6656281
0.6669057
0.6764312
0.6706118
0.6609382
0.6627212
0.6746953
0.6813239
0.6742056
0.6684039
0.6686221
0.6805926
0.6854407
0.6693112
0.6629702
0.671297
0.6782957
0.6672015
0.6552061
0.6624136
0.6677715
0.6607349
0.656002
0.6646767
0.6703252
0.659985
0.655302
0.6593306
0.6507004
0.6411741
0.6409315
0.635405
0.6358936
0.6513926
0.6606638
0.6569042
0.653573
0.6610955
0.6726629
0.6712034
0.6643621
0.6704358
0.6779146
0.6690049
0.6690176
0.684604
0.6796006
0.6719113
0.6802712
0.6840641
0.6830982
0.6861652
0.6907294
0.6920316
0.6965466
0.694145
0.6776786
0.6660037
0.6654926
0.6717228
0.6646582
0.6557681
0.6658037
0.672245
0.6630562
0.6558521
0.6627257
0.6697079
0.66458
0.6579762
0.6682492
0.6785256
0.6696808
0.6622635
0.6704384
0.6822429
0.6873709
0.6897222
0.6798995
0.6682902
0.6777437
0.6827532
0.6687418
0.6592392
0.6665554
0.6713878
0.6633056
0.6572109
0.6568812
0.6582007
0.6619766
0.665857
0.6681407
0.6709131
0.6628937
0.6598217
0.6597831
0.6540064
0.6638536
0.6687653
0.6579562
0.642871
0.636189
0.6364879
0.6357228
0.6417875
0.6465664
0.63875
0.6298156
0.628414
0.629633
0.6302572
0.6319672
0.6304698
0.6291074
0.6328548
0.6350155
0.6348708
0.6353039
0.6366141
0.6362961
0.634654
0.6334414
0.6336091
0.6254628
0.6152469
0.6151073
0.615606
0.6167487
0.6190152
0.6200957
0.6196302
0.6152283
0.6109235
0.610315
0.611652
0.6111913
0.6143473
0.6204223
0.6201366
0.6170039
0.6160898
0.6170101
0.6190033
0.6198638
0.6168613
0.6111249
0.6081839
0.6133647
0.6191506
0.6209088
0.6230748
0.6237883
0.6254485
0.6273389
0.6277136
0.6271331
0.6248394
0.6266181
0.6245145
0.6145197
0.6100268
0.6121221
0.6114353
0.6177462
0.6207201
0.6148835
0.6207483
0.6165584
0.6121074
0.6194746
0.6247194
0.6312192
0.6356208
0.6372462
0.6355346
0.6347864
0.6349936
0.6296394
0.628134
0.6416819
0.6566525
0.6519346
0.6486273
0.6615213
0.6754382
0.6739791
0.6703775
0.6561435
0.6882252
0.6891128
0.5981468
0.5752552
0.6254068
0.7089127
0.7171042
0.6834624
0.690238
0.687005
0.6826315
0.6810239
0.6793094
0.6795654
0.679529
0.6625924
0.6497146
0.6526474
0.6549208
0.6564302
0.6548976
0.6448786
0.6432287
0.6528545
0.6575409
0.650864
0.6459133
0.6558848
0.6630174
0.6577738
0.6580138
0.6660182
0.6649969
0.6606353
0.6702031
0.6755086
0.6662412
0.6626033
0.6708018
0.6776507
0.6704093
0.6613375
0.667527
0.6735959
0.6702918
0.6623287
0.6607218
0.6726575
0.6704725
0.6594661
0.6698538
0.6797772
0.6716904
0.6672242
0.6684635
0.6698661
0.6763397
0.6790581
0.6770446
0.6748318
0.6722533
0.6640698
0.6566921
0.6518094
0.642189
0.6339595
0.6270292
0.6266765
0.6277705
0.6187106
0.6142992
0.6242023
0.6309646
0.627823
0.623237
0.6265354
0.6352656
0.6360997
0.6342518
0.634632
0.634422
0.6401511
0.6418504
0.6475729
0.6563236
0.6435026
0.6384962
0.6480411
0.6417496
0.638814
0.6523627
0.6620533
0.6580891
0.6514903
0.651643
0.6522742
0.6595054
0.6566502
0.645297
0.6527402
0.6624634
0.6600519
0.6551722
0.6607028
0.6709167
0.673677
0.6756458
0.6847888
0.6948763
0.6865103
0.6669177
0.6655816
0.6717069
0.6590185
0.6462475
0.6446681
0.6401009
0.6373185
0.6297575
0.6210448
0.6289023
0.6338427
0.6260701
0.6246921
0.6280451
0.618898
0.606853
0.6088819
0.610321
0.6013804
0.5974469
0.6004591
0.6003001
0.5954449
0.5919542
0.5976127
0.5982951
0.5898316
0.5921835
0.6116033
0.6283251
0.6324127
0.6346547
0.6350868
0.6239503
0.609682
0.6124884
0.6131106
0.605412
0.6081694
0.6146415
0.6093006
0.6026155
0.6077122
0.6107418
0.6070999
0.5996571
0.599338
0.5997435
0.59347
0.5873308
0.5864205
0.5892198
0.5888001
0.5870384
0.5851049
0.5871743
0.5918183
0.5939208
0.5919054
0.589195
0.5844944
0.5820548
0.5816061
0.5818009
0.578414
0.5709396
0.5704435
0.5690821
0.5684716
0.5724602
0.5743906
0.5745741
0.5733082
0.571782
0.5712307
0.5685296
0.56346
0.5630414
0.5657918
0.5683554
0.5682117
0.5682394
0.5750227
0.5749962
0.5727506
0.5760924
0.5790209
0.5818559
0.5808631
0.5804825
0.5846523
0.589259
0.5848813
0.5787985
0.5825611
0.5871685
0.5843141
0.5789369
0.58055
0.5852935
0.5842523
0.5787287
0.5788906
0.5828959
0.5828946
0.5833647
0.5844399
0.5846657
0.5785601
0.5788938
0.567404
0.5932386
0.6366142
0.5925934
0.568999
0.5878943
0.6117344
0.6367624
0.6315481
0.6250006
0.6195683
0.6093583
0.6009001
0.600715
0.5984503
0.5885815
0.5839383
0.5851612
0.5845451
0.5770191
0.5738798
0.5791043
0.5782723
0.5728686
0.5725248
0.5765423
0.5770166
0.5718265
0.5707664
0.5752231
0.5775641
0.5762644
0.5737823
0.5745099
0.5785474
0.5779008
0.5765799
0.5793739
0.5804957
0.5805186
0.5815764
0.5789385
0.5799298
0.5834711
0.5770793
0.5770411
0.5835274
0.5820649
0.578076
0.5804554
0.5819163
0.5781615
0.5781567
0.5785692
0.5730821
0.5672279
0.5670627
0.5710892
0.5758348
0.5723749
0.5672383
0.5699802
0.5694565
0.5691274
0.5782909
0.5816812
0.5809069
0.5894931
0.6025822
0.6063594
0.601821
0.6070272
0.6165838
0.6224116
0.6174544
0.6093469
0.6142224
0.6192214
0.6187582
0.6115502
0.6018817
0.6050406
0.6068998
0.6002628
0.6013948
0.6085874
0.6109169
0.6080278
0.6016603
0.5945759
0.5960963
0.5994221
0.596388
0.5938547
0.5986793
0.5993479
0.5928705
0.5947985
0.5953915
0.5897614
0.5885523
0.5871092
0.5851778
0.5813333
0.5748803
0.5745529
0.576225
0.5724187
0.5656218
0.5694605
0.5745939
0.5714811
0.5706889
0.5757601
0.576314
0.5698734
0.5729432
0.5796212
0.579049
0.5726674
0.5722452
0.5785525
0.5801528
0.5721255
0.5702451
0.5806849
0.5802354
0.5709069
0.5642308
0.569939
0.574802
0.56378
0.5626862
0.5652318
0.5600326
0.5580418
0.5569821
0.5604745
0.568553
0.5730403
0.5695211
0.5681435
0.5683601
0.5647302
0.5656609
0.5647539
0.5571212
0.5545366
0.5562605
0.5557014
0.5508875
0.5432227
0.5479785
0.5584207
0.554683
0.5501268
0.5561839
0.5647726
0.5743782
0.5811744
0.5816004
0.5804593
0.5772641
0.5740058
0.5718396
0.5703908
0.5694304
0.5676633
0.5629299
0.5629821
0.5642323
0.5554994
0.5545955
0.5566187
0.5569931
0.5618705
0.5583828
0.5531833
0.5594625
0.5815618
0.6022666
0.5983004
0.5963449
0.5995551
0.5913385
0.5905523
0.5928863
0.5901387
0.5867709
0.5821917
0.5778733
0.5763575
0.5754789
0.5724586
0.5707416
0.5701803
0.5699307
0.569991
0.5700915
0.5697827
0.5704457
0.5713516
0.569567
0.5686007
0.56942
0.5627707
0.5537927
0.5546861
0.5603375
0.5611255
0.5546441
0.5531086
0.5555597
0.5588618
0.5616638
0.557025
0.5522743
0.554123
0.5576576
0.5571332
0.5560131
0.5626607
0.5708257
0.5719439
0.5766671
0.579525
0.5766809
0.5763819
0.573257
0.5678648
0.5630773
0.5612982
0.5615396
0.5604858
0.5606135
0.5624696
0.5644615
0.5632713
0.5631037
0.5658263
0.5670896
0.5657161
0.5656123
0.5683605
0.5706147
0.5745922
0.5792755
0.5816087
0.5801017
0.5781399
0.5755525
0.5716124
0.5705238
0.5704468
0.5672537
0.5662802
0.5696437
0.5656563
0.562088
0.5648344
0.5683214
0.570371
0.5662893
0.5631499
0.5626942
0.5624881
0.5634533
0.5635093
0.5635237
0.562314
0.561936
0.5607261
0.5585049
0.5573797
0.5545565
0.5514807
0.5507273
0.5500755
0.5479681
0.5482394
0.546322
0.5440826
0.5437099
0.5423984
0.5437772
0.5450343
0.546138
0.5488606
0.5499705
0.5512124
0.5559767
0.5619634
0.5669959
0.5709288
0.570708
0.568439
0.5664428
0.5624664
0.5597584
0.559249
0.5587442
0.5560293
0.5554194
0.558524
0.555931
0.5514105
0.5517624
0.5542949
0.5566267
0.5572739
0.5578142
0.5591854
0.5619635
0.5649049
0.5671536
0.5675973
0.5664879
0.5654327
0.5624424
0.5597096
0.5582754
0.5589636
0.5598145
0.5592589
0.5597815
0.5668714
0.5801265
0.5861076
0.5860174
0.5858494
0.5830008
0.5779126
0.5732152
0.5686734
0.5644742
0.5648626
0.5647474
0.5624077
0.5604808
0.5586397
0.5584099
0.5585831
0.5583846
0.5575841
0.5575256
0.5584707
0.5595469
0.5581773
0.5560148
0.5549041
0.5531043
0.5541923
0.5577745
0.5578931
0.5551357
0.5540074
0.5550819
0.5546719
0.5523749
0.5506372
0.5505219
0.5514267
0.5481873
0.5497005
0.5547891
0.5585848
0.5675915
0.5717169
0.5692821
0.5678217
0.5682767
0.5663762
0.5627934
0.5601347
0.5568737
0.5541776
0.5529233
0.5508939
0.5482209
0.5479141
0.5479914
0.5458711
0.5432093
0.5418476
0.5411675
0.5408564
0.5400696
0.5378537
0.5362922
0.53566
0.5354303
0.5343942
0.5282409
0.5243642
0.5244489
0.5214081
0.5221324
0.5233827
0.5229216
0.5261653
0.5275517
0.5287068
0.530055
0.5311572
0.5337925
0.5362378
0.5387377
0.5390566
0.5391224
0.5386408
0.5386475
0.5413487
0.5402544
0.5380223
0.5390445
0.5376316
0.5367482
0.5403451
0.5412808
0.5409608
0.5430521
0.5460283
0.5477598
0.5483295
0.5485438
0.5496803
0.5511285
0.5497659
0.5528043
0.5578358
0.5580113
0.5570182
0.5570618
0.5557111
0.5545344
0.5576759
0.5577946
0.5554778
0.5566145
0.5583572
0.5618565
0.5648796
0.5650872
0.569377
0.5842791
0.599051
0.6001784
0.5937998
0.5871985
0.5819454
0.5758183
0.5693858
0.5657002
0.5644734
0.5644835
0.5612132
0.5569894
0.5561672
0.5568334
0.5560086
0.5540273
0.55416
0.5546952
0.5543575
0.5524211
0.5519556
0.5561608
0.5585288
0.5607681
0.5662807
0.570538
0.5701532
0.5679652
0.5648148
0.5624927
0.5624393
0.5615393
0.5593454
0.5578427
0.5592794
0.5594666
0.5586852
0.5593117
0.5596624
0.5581689
0.5570381
0.5568549
0.5573206
0.5597066
0.5600506
0.5590503
0.5600612
0.5619166
0.561909
0.5589542
0.5573222
0.5609575
0.567019
0.5696414
0.5693953
0.5673812
0.5614261
0.5580375
0.5567172
0.5544255
0.554703
0.5551907
0.5537075
0.5524143
0.5526223
0.5511653
0.550087
0.5486195
0.5488536
0.5475064
0.5405405
0.5401017
0.5403261
0.5390922
0.5419182
0.541756
0.5393309
0.5387801
0.5380948
0.5358676
0.5342326
0.5349115
0.5359861
0.5371227
0.5388285
0.5413013
0.5424267
0.5416438
0.5402177
0.537818
0.5395864
0.5409685
0.5413735
0.5434623
0.5446016
0.5464045
0.5452805
0.5451383
0.5477318
0.5492887
0.5495545
0.5484586
0.5497839
0.5531936
0.5602096
0.5674062
0.5683141
0.5655813
0.5636029
0.5634004
0.5647614
0.5660714
0.5614719
0.5569982
0.5570048
0.5558719
0.55643
0.5528291
0.5499926
0.5561336
0.554969
0.552825
0.5559358
0.5559797
0.5561145
0.5568553
0.5571251
0.5568354
0.5550457
0.5552877
0.5564791
0.5544098
0.5549799
0.5578759
0.5579727
0.5559555
0.5541373
0.5539412
0.5517721
0.5495042
0.5505716
0.5490828
0.5472238
0.548836
0.5478274
0.5453545
0.5468863
0.5489265
0.5490594
0.5511628
0.5547741
0.5582775
0.5616579
0.560978
0.5581604
0.5579797
0.5556539
0.5515219
0.5540001
0.5575958
0.5585271
0.5604554
0.5648194
0.5711092
0.5746746
0.5752232
0.5725376
0.5674477
0.5637096
0.5590341
0.5530881
0.5545743
0.5568461
0.5542159
0.5539743
0.5572017
0.559527
0.5594955
0.5594841
0.5606619
0.5599977
0.5593438
0.5649787
0.5695909
0.5704424
0.5715514
0.5679584
0.5623153
0.5630883
0.5634663
0.5606408
0.5583037
0.5557265
0.5566085
0.5547692
0.552844
0.5583246
0.5634716
0.5631555
0.561026
0.5632523
0.5677043
0.5712426
0.575932
0.5775714
0.5688292
0.5653229
0.5715528
0.5764284
0.5760339
0.5743698
0.5777602
0.5755148
0.5642589
0.5596713
0.5654979
0.5657438
0.5615454
0.5649703
0.5785904
0.5985145
0.6094295
0.6072434
0.6050869
0.6014237
0.5902754
0.5778955
0.5738092
0.5772843
0.5806059
0.5834538
0.5853902
0.5878177
0.5910605
0.5940327
0.5979767
0.5997888
0.5969552
0.5965581
0.5981373
0.5991024
0.5962553
0.5978565
0.6179879
0.6314651
0.6294458
0.6287868
0.6380255
0.6460322
0.6382425
0.6327224
0.6418601
0.6482694
0.6411756
0.6388866
0.6516391
0.6581794
0.6516191
0.6445262
0.6451423
0.6507121
0.645271
0.6330278
0.6284865
0.6340679
0.6393457
0.6307792
0.6276724
0.6405652
0.6520485
0.6532527
0.6387923
0.6163164
0.6024878
0.6043663
0.6146691
0.6219797
0.6193188
0.6163503
0.6229956
0.6330146
0.634024
0.6326901
0.6439226
0.6465571
0.6344019
0.6372199
0.6547069
0.654498
0.6386455
0.6400308
0.6513406
0.6477107
0.6420204
0.6474192
0.6531793
0.6491933
0.6432248
0.638487
0.6338073
0.6333434
0.6268716
0.619856
0.6235467
0.6315007
0.6383336
0.6358483
0.6340413
0.6454659
0.658161
0.6578376
0.64706
0.6460763
0.6536957
0.6470235
0.6324199
0.6304728
0.6353555
0.6341763
0.6266186
0.6263568
0.6356796
0.6363729
0.6309264
0.6347534
0.6463916
0.6473344
0.6378375
0.6413657
0.6477306
0.6407659
0.6326122
0.6340192
0.6409306
0.6392082
0.6332007
0.637476
0.6440947
0.6402276
0.6342246
0.6406336
0.6509173
0.6503905
0.6492354
0.6593259
0.6668409
0.6650051
0.6698547
0.6798262
0.6738044
0.6630673
0.6699179
0.6849619
0.6834058
0.6677366
0.6688979
0.6816961
0.6790829
0.6693908
0.6803116
0.6999011
0.6953362
0.6792055
0.6856345
0.7004063
0.6921184
0.6788288
0.6864294
0.6976998
0.687952
0.6739466
0.6825406
0.6943071
0.6834576
0.6716797
0.6814587
0.6936583
0.6839072
0.6700989
0.677091
0.6836762
0.6727029
0.6641763
0.674986
0.6869765
0.6755934
0.6626745
0.6657458
0.6654819
0.6563547
0.6545854
0.6624964
0.6614793
0.6516106
0.6457194
0.6556175
0.6571638
0.6646857
0.6456623
0.6080246
0.6429492
0.6568583
0.6468042
0.6599863
0.6620493
0.6583017
0.6565589
0.6612608
0.6603243
0.6523474
0.6495251
0.6544168
0.6518544
0.6521793
0.6628828
0.6651663
0.659998
0.6649009
0.6780731
0.6775019
0.6668598
0.670261
0.6803211
0.6777648
0.667316
0.6699884
0.6816569
0.6780892
0.6696504
0.6773094
0.6835846
0.6738289
0.6670745
0.6745215
0.6796364
0.6707249
0.6641616
0.673646
0.6858315
0.6808819
0.6708702
0.6759734
0.6890218
0.6829662
0.6837701
0.6811301
0.6349668
0.6275054
0.6135836
0.6031798
0.6747784
0.704653
0.6766661
0.6591167
0.6645242
0.6754137
0.6710366
0.6620236
0.6663214
0.673654
0.6668814
0.6639932
0.6689616
0.6629213
0.6538789
0.6587946
0.6668649
0.6721852
0.6744412
0.6780781
0.6836017
0.6797262
0.6737211
0.6790256
0.6819795
0.6749628
0.6748207
0.6821887
0.6808866
0.6711474
0.6708114
0.6791451
0.6745315
0.6619509
0.6663605
0.6758661
0.6703181
0.6633475
0.6704752
0.6788318
0.6745242
0.6667542
0.6712637
0.677948
0.6714484
0.6662975
0.6743506
0.6797178
0.6706946
0.6675094
0.6754625
0.6768751
0.669902
0.6656032
0.6731413
0.6789295
0.6716166
0.6693725
0.6777609
0.6793923
0.6725611
0.674401
0.686746
0.6856925
0.6725978
0.6791903
0.6961121
0.6912899
0.6829352
0.6871688
0.6828214
0.6770367
0.6666157
0.6478511
0.6364607
0.6274822
0.6252916
0.6229151
0.6097381
0.6033226
0.6111169
0.6139163
0.6059097
0.598307
0.5993937
0.5987198
0.5914728
0.5921736
0.5887439
0.5808694
0.5825232
0.5851912
0.587004
0.5843267
0.5768343
0.5767911
0.5843903
0.5812998
0.5735146
0.5813167
0.5865844
0.5802942
0.5771604
0.5833716
0.5845669
0.5798728
0.5813378
0.5790562
0.5720512
0.5726434
0.5748302
0.571068
0.5714738
0.577587
0.5754849
0.5712143
0.5782837
0.5829663
0.5799733
0.5782177
0.5821967
0.584178
0.5797731
0.578619
0.5825229
0.5818522
0.5784883
0.5807668
0.5840881
0.5825433
0.5808049
0.5866472
0.5918311
0.59218
0.598432
0.6049881
0.6015351
0.5979251
0.6035944
0.6077236
0.6030266
0.5993287
0.6031052
0.6041753
0.5988713
0.5974969
0.6006084
0.5998809
0.5952138
0.5974167
0.599992
0.5947768
0.5927959
0.600672
0.6021886
0.5950355
0.596668
0.5997853
0.5949186
0.5960062
0.6116005
0.6379257
0.6444586
0.63217
0.6247113
0.6140717
0.6120559
0.6097903
0.6006364
0.5931085
0.5873313
0.5912528
0.5951619
0.5916389
0.5908489
0.5929707
0.5974595
0.5976572
0.5937977
0.5997871
0.6033745
0.5963428
0.588896
0.5897404
0.5906276
0.58759
0.5919761
0.5964691
0.5943921
0.5950337
0.6033507
0.6078631
0.6018073
0.6089117
0.6231193
0.6267311
0.6270733
0.6214975
0.6148148
0.6111964
0.6089358
0.6024903
0.5983244
0.599416
0.5975291
0.5943941
0.5906148
0.5863221
0.585061
0.5846452
0.580226
0.5747961
0.5736321
0.5752314
0.5690877
0.5647878
0.5636729
0.5629028
0.5681575
0.5648816
0.5610171
0.5660203
0.5698147
0.5688477
0.5663259
0.567937
0.5731841
0.5753719
0.5747786
0.5796476
0.5860925
0.5876515
0.5851788
0.5852606
0.5931212
0.6037938
0.6064443
0.6037538
0.6111086
0.6224499
0.622835
0.620604
0.6279703
0.6332334
0.6262725
0.6270373
0.6388156
0.6402383
0.6338871
0.6336309
0.6417336
0.6398473
0.6308175
0.6404923
0.6490835
0.6427668
0.6352569
0.6400146
0.644707
0.6372932
0.6419845
0.645627
0.6386391
0.6433274
0.6521417
0.648024
0.6415629
0.6471188
0.6465532
0.6379235
0.6452885
0.6468912
0.6378001
0.6430193
0.6459161
0.6391258
0.6395991
0.6463374
0.6459767
0.637894
0.6358755
0.6478303
0.6493638
0.63809
0.6387121
0.6462119
0.6438198
0.6310533
0.6325829
0.641568
0.6345965
0.6249574
0.6289253
0.6343454
0.6292767
0.6274428
0.634809
0.6374391
0.6291611
0.631343
0.6420533
0.6357548
0.6294349
0.6357046
0.6377052
0.6287258
0.6254448
0.6280007
0.621609
0.6214379
0.6271347
0.6176948
0.611856
0.6245497
0.6247226
0.6149556
0.6154494
0.6139334
0.6071251
0.6075835
0.6043143
0.5951674
0.59198
0.5911181
0.5942003
0.5975049
0.5974336
0.5954232
0.5915202
0.5886448
0.5840037
0.5838182
0.5799735
0.570657
0.5729367
0.5676732
0.5616351
0.5684093
0.5733531
0.5711276
0.5683314
0.5729974
0.5787931
0.5776878
0.5735065
0.5748864
0.5812466
0.58315
0.5787925
0.5809531
0.5978578
0.6288148
0.6483017
0.6496688
0.6435728
0.6259709
0.6096172
0.6016837
0.605227
0.6077552
0.6024341
0.6041161
0.6164593
0.6267484
0.6225102
0.6193444
0.6280547
0.6432285
0.6484361
0.6393951
0.6408856
0.6585402
0.6625986
0.6472094
0.6510083
0.6704226
0.6700584
0.6560166
0.6564349
0.6783868
0.6840743
0.6648328
0.67429
0.7070471
0.7049346
0.679636
0.6883883
0.7088204
0.6920424
0.6683665
0.6788287
0.6900571
0.6741975
0.664163
0.6824684
0.6930888
0.6731252
0.6760805
0.6954464
0.6893372
0.6761298
0.6914109
0.7026184
0.6797554
0.6691667
0.6801932
0.6847656
0.6680257
0.6556431
0.6728076
0.6841245
0.66917
0.6612815
0.6744947
0.6866136
0.6736277
0.6589526
0.6735583
0.6845491
0.6673695
0.6608359
0.6796329
0.681065
0.6609638
0.6656212
0.686507
0.6771746
0.6569991
0.6647784
0.6813749
0.6728161
0.6538995
0.6611472
0.6822711
0.679822
0.6636345
0.6770324
0.6914035
0.6726652
0.6699587
0.6897977
0.6870628
0.6706307
0.6838011
0.7000971
0.6835358
0.6690503
0.6834086
0.6847592
0.6614718
0.6707334
0.6878955
0.6719839
0.6606164
0.6766792
0.6829964
0.6669691
0.6678505
0.687289
0.6864285
0.6679993
0.6775241
0.6970034
0.6851626
0.6670046
0.6801311
0.6881993
0.6707796
0.6778243
0.7001891
0.6926393
0.6744042
0.6856663
0.7040109
0.6921199
0.6752205
0.693112
0.7127387
0.6977569
0.6805081
0.6811116
0.6991045
0.7009775
0.6761183
0.6764449
0.6915525
0.6818287
0.6616907
0.6697688
0.6844711
0.67806
0.6635543
0.6622222
0.6844932
0.684434
0.6667814
0.6814114
0.6975558
0.6810278
0.6654936
0.6757027
0.6838871
0.6690976
0.6583437
0.6684134
0.6755163
0.6680118
0.6626905
0.6744057
0.6820705
0.6681774
0.6624352
0.6703992
0.6765779
0.6712278
0.6626228
0.6724751
0.6857927
0.6765586
0.6603543
0.6671623
0.6765986
0.6643513
0.6572412
0.6624688
0.6577735
0.6619173
0.6854375
0.6958207
0.6835269
0.6767029
0.6767977
0.672207
0.6756349
0.6795776
0.6719929
0.6655581
0.6622177
0.6657299
0.6793942
0.6857054
0.6709734
0.6597144
0.6609129
0.6524386
0.6408847
0.6354365
0.6459247
0.6645759
0.6717073
0.6734394
0.6843867
0.6868964
0.6887514
0.7017805
0.6990207
0.7039945
0.7145831
0.7057935
0.6990455
0.6999203
0.7067417
0.7091281
0.6975252
0.6936358
0.6947292
0.6892075
0.6760498
0.6727318
0.6929739
0.69209
0.6762691
0.6782512
0.6813458
0.6795397
0.6730838
0.6651351
0.6599364
0.6650845
0.6597923
0.6476026
0.6561967
0.6627931
0.6524262
0.6468614
0.659805
0.6691486
0.6655293
0.660661
0.6729613
0.6932609
0.692269
0.6923101
0.6954366
0.6865483
0.6930965
0.7003312
0.7004946
0.7018002
0.6905829
0.6756408
0.6656592
0.6583197
0.6584947
0.6654016
0.6738666
0.6818101
0.6715962
0.659834
0.6711749
0.6750255
0.6631097
0.6663558
0.6825451
0.6907064
0.6890003
0.692883
0.6939349
0.6818615
0.6815878
0.6932198
0.6882163
0.6777732
0.6884689
0.7004218
0.6914819
0.681505
0.6905124
0.6961104
0.6833263
0.7037421
0.7521442
0.690215
0.611996
0.6979829
0.7699726
0.7358206
0.711415
0.7041599
0.7028978
0.6931484
0.6771452
0.6862075
0.6932238
0.6813507
0.6802075
0.6949067
0.7033149
0.6935444
0.6835754
0.6967479
0.7088117
0.6982389
0.6865977
0.6991164
0.7021703
0.6899281
0.69925
0.7108079
0.7019822
0.692118
0.7052047
0.7106677
0.6963742
0.6949418
0.701596
0.6932865
0.6915221
0.6997213
0.6935145
0.6950691
0.7052589
0.6908121
0.6794416
0.6817487
0.6784715
0.6887382
0.6845232
0.66567
0.6672991
0.6698266
0.6585951
0.6480562
0.6450921
0.6473064
0.6570949
0.6563968
0.6516881
0.6684989
0.6763703
0.6658152
0.6650309
0.6741707
0.6870193
0.6830112
0.6677728
0.6747932
0.6894467
0.6909222
0.6793293
0.671854
0.673976
0.6773233
0.6892869
0.7010854
0.7080299
0.6969522
0.6793801
0.6947671
0.7022513
0.6828969
0.6818922
0.6914319
0.6811515
0.6713116
0.6824389
0.6904854
0.6952431
0.6910873
0.6809509
0.6933949
0.6984828
0.6902312
0.6854178
0.6854441
0.6935466
0.6891422
0.6807476
0.6824259
0.6922618
0.6986909
0.6986761
0.7068181
0.7146557
0.7061446
0.6824523
0.6802158
0.6848403
0.6700543
0.671796
0.6856305
0.682111
0.6769771
0.684244
0.6814754
0.6776987
0.6786236
0.6812319
0.6995736
0.7097598
0.7042497
0.697623
0.6971544
0.6982313
0.6781492
0.661872
0.6696459
0.670059
0.6612639
0.6714133
0.6797145
0.671404
0.6836474
0.6918775
0.6816489
0.6919972
0.7068303
0.7011797
0.6913714
0.6966727
0.6900214
0.6765663
0.6862934
0.6947083
0.6988375
0.6969853
0.6773104
0.6629556
0.6711601
0.6764126
0.6652855
0.6640619
0.6782139
0.6779929
0.6677413
0.6798893
0.6970044
0.691739
0.6854047
0.689559
0.6900954
0.6924412
0.6916959
0.6956647
0.7100773
0.7017836
0.6877494
0.6949604
0.7001124
0.6891093
0.6809715
0.6930857
0.7104068
0.7069021
0.6993631
0.6980266
0.6853909
0.6844235
0.6927425
0.6943868
0.686475
0.680911
0.6947516
0.6951687
0.6825331
0.6798119
0.6824041
0.6932514
0.7040924
0.7078119
0.6967201
0.6835259
0.6892224
0.6928062
0.6849582
0.675061
0.6738352
0.6845266
0.6939809
0.684514
0.6671582
0.6703375
0.6843057
0.6779001
0.6674692
0.6840089
0.7016268
0.6884908
0.6798682
0.6964318
0.6942938
0.6852517
0.6885004
0.6995735
0.7036097
0.6814406
0.6763077
0.6854513
0.6735701
0.6714377
0.6818822
0.6738469
0.6664963
0.681523
0.6886206
0.6750541
0.6746619
0.6947882
0.6990911
0.6895702
0.7032142
0.7192545
0.7062058
0.6922367
0.7062778
0.7112502
0.691625
0.6904474
0.7264001
0.748265
0.7186332
0.6928779
0.6967375
0.7084792
0.7035434
0.6894692
0.6934212
0.7044338
0.7023261
0.6898158
0.6948998
0.7082581
0.7103998
0.7096354
0.7160916
0.7310823
0.7423507
0.7397522
0.7427339
0.7558498
0.7562209
0.7310073
0.7046431
0.7145341
0.7108562
0.6899329
0.6983785
0.7140756
0.7182543
0.7078793
0.7092243
0.7095661
0.6961958
0.7065465
0.711099
0.7017924
0.6956503
0.6910721
0.7040601
0.7067171
0.6961048
0.6917319
0.6963841
0.7116169
0.7073203
0.693765
0.7025032
0.7145811
0.7028176
0.6885156
0.6998585
0.7129523
0.7027808
0.6924716
0.7046501
0.7139213
0.7000658
0.687034
0.6839124
0.6755923
0.6713314
0.685713
0.7058503
0.7076505
0.6975974
0.6893449
0.6907304
0.7056201
0.7155006
0.7030177
0.6893377
0.6987443
0.7014682
0.6931539
0.6964496
0.6932624
0.6866657
0.7005707
0.7163957
0.7192708
0.7064004
0.6906213
0.6966605
0.7064541
0.6952103
0.6830261
0.693086
0.7016434
0.691671
0.6820519
0.6912073
0.7039079
0.70025
0.6910019
0.6884535
0.6961754
0.707585
0.7141424
0.7055285
0.6889608
0.691575
0.7027981
0.6947995
0.6821073
0.6890597
0.6923909
0.6883837
0.6983129
0.7034886
0.7075973
0.714625
0.7076772
0.7021729
0.7014855
0.7019809
0.7025616
0.7028667
0.7037679
0.7045891
0.7061298
0.7059719
0.7070578
0.7034132
0.6945666
0.6854221
0.6855702
0.6954666
0.6965682
0.6828305
0.6810312
0.6913908
0.6877044
0.6808679
0.6902747
0.7062793
0.7098544
0.7140805
0.7157105
0.7007467
0.6947419
0.7055438
0.7105596
0.6996563
0.6902901
0.7008692
0.7131513
0.7079863
0.6928203
0.6885202
0.7020182
0.7109626
0.7010677
0.6919881
0.7030864
0.7104443
0.7001628
0.6958615
0.702242
0.7053043
0.6935894
0.689301
0.702673
0.7018548
0.7028039
0.7169284
0.7280191
0.7311982
0.7290188
0.7211651
0.709219
0.708592
0.6997274
0.6853738
0.6950634
0.7055875
0.6911235
0.6872875
0.7034083
0.7020506
0.6926404
0.6993728
0.7111461
0.7054954
0.7043374
0.716205
0.7126214
0.7029046
0.7070307
0.7132555
0.7049213
0.692467
0.6946948
0.6982875
0.6871781
0.6886886
0.7195426
0.744616
0.745692
0.7313749
0.7086729
0.6941419
0.6800943
0.670097
0.6663741
0.6643324
0.6663944
0.6599844
0.6569983
0.6674362
0.6714513
0.6645039
0.6664832
0.68419
0.6842766
0.6786541
0.6924671
0.6952469
0.6902144
0.6965215
0.7094407
0.7058546
0.6962105
0.7001595
0.7145756
0.7252994
0.7268579
0.73017
0.7170695
0.7003041
0.694477
0.6943428
0.7094459
0.7091384
0.6981497
0.7099702
0.7085076
0.6935947
0.6983829
0.6936324
0.6759913
0.6740415
0.6786144
0.6748496
0.6784657
0.6922976
0.6958544
0.6911182
0.6947978
0.7072079
0.7108619
0.6983629
0.6931853
0.7061857
0.7161196
0.7065121
0.6968505
0.7091001
0.7130758
0.7032961
0.7089628
0.7259763
0.7252073
0.7212752
0.7295288
0.7220011
0.7032882
0.6955848
0.6897381
0.6850626
0.6946416
0.7091774
0.7173295
0.7195358
0.7070476
0.6898745
0.6933874
0.7052302
0.7048633
0.6961636
0.7001487
0.7112951
0.7077055
0.6964888
0.7065649
0.7185869
0.7168038
0.7069538
0.7073728
0.7284853
0.7250668
0.7235857
0.73961
0.7294277
0.7106246
0.7214513
0.7257876
0.7064771
0.7085118
0.716084
0.70651
0.6980092
0.6972935
0.7086818
0.7270835
0.7249873
0.7050594
0.7005184
0.7126656
0.7073016
0.6927624
0.7027644
0.711584
0.6976672
0.6885927
0.7014643
0.7089055
0.6977628
0.691035
0.695331
0.6959106
0.6924179
0.6982367
0.708587
0.7140759
0.7169892
0.7199508
0.7175423
0.7138266
0.700824
0.6841364
0.6903176
0.7006686
0.6879049
0.6789206
0.691534
0.6905789
0.689271
0.6956954
0.7001278
0.7162869
0.7188645
0.7142219
0.7119411
0.6987434
0.6911653
0.6906741
0.6882862
0.6846184
0.6804212
0.6832846
0.6848751
0.6803159
0.674344
0.6746599
0.6697885
0.6490924
0.6458715
0.6499333
0.645349
0.6470301
0.6463405
0.636302
0.6305032
0.6313983
0.6338662
0.6369324
0.6369468
0.6371991
0.636561
0.6345321
0.6312417
0.6324606
0.6305017
0.6207091
0.6189257
0.6230647
0.6224423
0.6176059
0.6190041
0.6237381
0.6296433
0.6349076
0.6372311
0.6374031
0.6368904
0.6379859
0.6369085
0.6373584
0.6362054
0.6274255
0.6245689
0.6303485
0.6368056
0.6385418
0.6333828
0.6399282
0.6501488
0.6418154
0.6320715
0.6354243
0.6391156
0.6389357
0.6401613
0.6417836
0.6432556
0.6413484
0.6401191
0.637239
0.6276998
0.6239753
0.6259515
0.6281445
0.626337
0.6286125
0.6281489
0.6191932
0.6205538
0.6239098
0.6265511
0.6300818
0.6265383
0.6228234
0.6254885
0.6315593
0.637365
0.6381842
0.6381796
0.6384898
0.6366094
0.6320036
0.6284998
0.6261149
0.6131537
0.6017411
0.6082568
0.613624
0.6050203
0.6075062
0.6110823
0.6042279
0.6008264
0.6037915
0.6020989
0.5954918
0.5989836
0.5958406
0.5945286
0.6031511
0.6066257
0.6106561
0.6240507
0.6394546
0.6483534
0.6567899
0.661694
0.6601404
0.6557228
0.6525449
0.6480482
0.6399819
0.6319965
0.6284988
0.6272426
0.6159573
0.607099
0.6112143
0.6210793
0.6261174
0.6261583
0.6321995
0.6384667
0.644883
0.6507046
0.6567293
0.6572565
0.6555186
0.6525795
0.6381045
0.6354604
0.6352294
0.6317365
0.6305401
0.6202202
0.6122698
0.6176474
0.6223659
0.6176218
0.6223952
0.6265192
0.6283213
0.6342766
0.6289325
0.6227722
0.6243388
0.6255082
0.6221688
0.6236646
0.6199521
0.6119817
0.6074472
0.5975586
0.5974702
0.6031052
0.6071516
0.6049298
0.5996678
0.6037177
0.6179743
0.6245195
0.6220333
0.6328147
0.6544871
0.6628009
0.6552347
0.6645074
0.6771011
0.6668819
0.6605449
0.6741318
0.6793031
0.6641123
0.6551275
0.661225
0.6674342
0.6582851
0.6400347
0.6372816
0.6466857
0.6586136
0.6655614
0.6722346
0.7024554
0.7328757
0.7291929
0.7067589
0.6943473
0.7005071
0.6943368
0.678834
0.6841981
0.6965024
0.6853171
0.6894841
0.716083
0.680776
0.6561172
0.6838848
0.6530017
0.6811834
0.7918402
0.7937025
0.7655902
0.7773237
0.7607768
0.7619985
0.7665809
0.6761483
0.6370436
0.7225434
0.6949093
0.6719053
0.7696575
0.7597905
0.6971947
0.6706233
0.6546808
0.6647624
0.6736704
0.6639279
0.6690424
0.6795574
0.6663369
0.6683802
0.6799035
0.6862681
0.6847255
0.6765843
0.6669481
0.6597801
0.6502415
0.6385049
0.6390448
0.631558
0.6282838
0.6338026
0.6200795
0.6149452
0.6268266
0.6283032
0.6295419
0.6361833
0.646477
0.6501653
0.641934
0.6496503
0.6678747
0.6799513
0.6877736
0.6954903
0.7054864
0.6976549
0.6790685
0.6836545
0.6976119
0.6920624
0.6839979
0.6971855
0.7039533
0.6963954
0.6915412
0.7122174
0.7308033
0.7156099
0.7278759
0.742933
0.7213946
0.7081537
0.71435
0.714509
0.6967393
0.6846076
0.7010636
0.7038188
0.6883779
0.700316
0.7197852
0.7167363
0.7003323
0.6947407
0.7115514
0.7113616
0.6816037
0.6793328
0.691226
0.6898102
0.6769449
0.663208
0.6697835
0.6885076
0.6993715
0.6951577
0.6902388
0.6864881
0.6906168
0.688633
0.670402
0.6626716
0.6731803
0.6795285
0.6667426
0.6808225
0.6990502
0.6857484
0.6914604
0.7197102
0.7224232
0.6997649
0.7038727
0.716376
0.6947748
0.6764168
0.6807916
0.6682099
0.6535716
0.6587378
0.6594864
0.6580597
0.658602
0.6698684
0.6906675
0.6950649
0.7069982
0.7345921
0.7394135
0.7177889
0.718351
0.737468
0.7287772
0.7143745
0.7340741
0.7433801
0.7152091
0.7252341
0.759927
0.7703496
0.7534939
0.724367
0.7316119
0.7450645
0.7246877
0.7101798
0.7317629
0.7320456
0.7075277
0.715309
0.70941
0.7083857
0.7123448
0.6890471
0.7057879
0.7245952
0.7049636
0.695557
0.704902
0.7135673
0.7152235
0.7136441
0.7091841
0.7072548
0.7064221
0.6880494
0.6661018
0.6750039
0.6883608
0.6788616
0.6733354
0.6786076
0.6789264
0.6795742
0.6899523
0.6983075
0.7052874
0.7277525
0.7256097
0.6961435
0.7074029
0.7224507
0.706414
0.694116
0.6846533
0.6879214
0.6982491
0.7085807
0.7107251
0.6939742
0.6952272
0.7077625
0.7012353
0.6947739
0.7105663
0.7238261
0.7143849
0.6965141
0.6908786
0.7070287
0.7018079
0.6829118
0.692361
0.6845434
0.6731777
0.6766698
0.6592779
0.6551776
0.6525191
0.647539
0.6446205
0.635573
0.6429696
0.641558
0.6521855
0.6619834
0.6517308
0.6661607
0.682108
0.6763297
0.6791393
0.7014506
0.7049763
0.6929555
0.7113206
0.7304879
0.7038698
0.7024307
0.7605574
0.7461631
0.7262487
0.7838599
0.7660551
0.7111087
0.7104599
0.7122266
0.6906193
0.6818949
0.6960012
0.7145742
0.720517
0.7040231
0.7153768
0.7306357
0.7318714
0.7336822
0.7179076
0.7170806
0.7337817
0.7302165
0.7111487
0.7204848
0.7377151
0.7249146
0.7057878
0.7155609
0.7284159
0.7125782
0.7019809
0.7194198
0.7338633
0.7220853
0.7266963
0.7561443
0.7469339
0.7145404
0.7289236
0.7436485
0.7185781
0.7032207
0.7170633
0.7227967
0.7048427
0.7010087
0.7194965
0.7189934
0.6961592
0.7083902
0.7222303
0.7037355
0.6998399
0.7145488
0.7066788
0.6857108
0.6951051
0.7185639
0.7126682
0.6892499
0.7038452
0.7359033
0.7292626
0.7024408
0.7094246
0.7268078
0.7103915
0.6843981
0.6946376
0.7109701
0.6938954
0.6817607
0.6986471
0.7003413
0.6792665
0.6950129
0.7107015
0.6908299
0.6929616
0.7109175
0.6968194
0.6768208
0.6956367
0.707133
0.6889657
0.6854863
0.7021929
0.7035025
0.6835583
0.6924222
0.7116962
0.7010237
0.688009
0.707377
0.7172328
0.6980966
0.7165415
0.7470991
0.731374
0.7128582
0.7341077
0.7548755
0.7359508
0.710538
0.7240865
0.7260678
0.698677
0.6984455
0.7129921
0.7141575
0.7023201
0.6890512
0.7549337
0.7819814
0.7105375
0.7161361
0.7461022
0.7642411
0.7720418
0.7505865
0.7231541
0.707331
0.7157425
0.7096532
0.6939346
0.7053413
0.7219298
0.7142354
0.69878
0.7111412
0.7161626
0.693624
0.6984818
0.7179555
0.7186216
0.7008553
0.7172772
0.7358136
0.7138163
0.7071749
0.7232301
0.7203678
0.695736
0.6991176
0.7176257
0.7053848
0.6858329
0.7061595
0.7235367
0.7083268
0.7073079
0.7228005
0.7212966
0.6972235
0.7001016
0.7204137
0.7131608
0.708543
0.7316839
0.739468
0.7160904
0.7191415
0.7383304
0.7247368
0.7056121
0.7217632
0.7356191
0.7120471
0.7128611
0.7310667
0.719905
0.7114042
0.7133942
0.7203295
0.7224371
0.7147637
0.7103832
0.7076432
0.7076169
0.6936513
0.6700647
0.6651952
0.6672789
0.6658793
0.6650195
0.6607184
0.6532045
0.645894
0.6435296
0.6410328
0.6395073
0.6435393
0.6395692
0.6352895
0.6397774
0.6430248
0.6472794
0.6502846
0.6508991
0.6508469
0.6458893
0.6470169
0.653659
0.6539998
0.6532234
0.653684
0.6522037
0.6498123
0.6471421
0.6449543
0.6440888
0.6428261
0.6356329
0.6244912
0.6256871
0.6439348
0.6669463
0.6801356
0.6781839
0.6787637
0.6938165
0.716398
0.7349634
0.7436302
0.7427706
0.7339927
0.7185392
0.7017923
0.6904463
0.6826944
0.674073
0.6673612
0.6579161
0.638784
0.6329163
0.6430755
0.6394807
0.629264
0.6458175
0.6575969
0.6488182
0.6632132
0.6923073
0.6965485
0.6782122
0.6701073
0.6917094
0.6944864
0.6783176
0.683089
0.6684557
0.6629648
0.6777559
0.6768682
0.6866323
0.7204015
0.7400768
0.7269856
0.7262572
0.7512115
0.7618036
0.7352608
0.7142598
0.7211659
0.7385105
0.7681065
0.7860458
0.7579409
0.717802
0.7378044
0.7687439
0.7527533
0.7434562
0.769014
0.7687945
0.7426614
0.760528
0.7838596
0.7731601
0.7572726
0.768117
0.768376
0.7423569
0.7471648
0.7635341
0.7685706
0.7486946
0.7257121
0.7420301
0.7548593
0.7336587
0.7139844
0.7200946
0.7157193
0.705891
0.7144387
0.7109623
0.6953563
0.6848652
0.6895114
0.7131131
0.7295007
0.7257605
0.7286815
0.7464433
0.7499243
0.7347373
0.7263153
0.7343718
0.7418837
0.7320273
0.725403
0.7438092
0.7563604
0.7482933
0.7478588
0.7648262
0.7691545
0.7549034
0.7556188
0.7535669
0.7389175
0.7414076
0.7521371
0.7432468
0.7321347
0.7450169
0.7533514
0.7422258
0.7379166
0.7507508
0.7591092
0.7479726
0.7403125
0.7469072
0.7371463
0.7233769
0.7280465
0.7403344
0.7388284
0.7179652
0.7173822
0.7296243
0.7312481
0.7205819
0.7129035
0.7213092
0.7205059
0.7163221
0.717406
0.7144382
0.7273994
0.7396926
0.7254098
0.7227108
0.7145969
0.6959873
0.7065033
0.7181225
0.7135413
0.7110114
0.7117845
0.706813
0.7026777
0.7055739
0.7271461
0.7603633
0.7695952
0.7560408
0.7322417
0.718542
0.7281331
0.7360108
0.7237155
0.7138105
0.7282316
0.7226103
0.7176138
0.7311149
0.7250955
0.7309474
0.7470969
0.7505148
0.731506
0.7124705
0.728226
0.7373805
0.7213545
0.7160414
0.7295497
0.7338915
0.72083
0.7107648
0.7095776
0.7035711
0.6916564
0.701403
0.7138195
0.7113908
0.7094505
0.692079
0.6732361
0.673462
0.6716219
0.6737089
0.6860421
0.6825346
0.6676921
0.664289
0.675246
0.6862209
0.6839095
0.6831209
0.7007983
0.7182598
0.718907
0.7031996
0.702252
0.7225381
0.714703
0.6947797
0.7004384
0.7119628
0.7169454
0.714346
0.7101993
0.7118696
0.7074149
0.7078129
0.723582
0.7345122
0.7319715
0.7273223
0.7178776
0.7112162
0.7091779
0.6929274
0.6837096
0.6836166
0.681884
0.6706077
0.6610857
0.6746591
0.6841668
0.6828662
0.6844
0.6942072
0.7086778
0.6977563
0.6868065
0.7024369
0.698225
0.694125
0.7118266
0.7168872
0.7067998
0.7110241
0.7319111
0.7442515
0.7263984
0.7056457
0.7189006
0.7180656
0.6990486
0.7100011
0.7231848
0.7075912
0.6960618
0.7099708
0.7072398
0.6922559
0.7063144
0.7167309
0.7194067
0.7247358
0.7122399
0.691963
0.6819139
0.6946105
0.7034587
0.6867767
0.6710933
0.6739992
0.6813808
0.6814692
0.6783412
0.6837495
0.6969862
0.7080486
0.7233659
0.7247485
0.7227836
0.7374388
0.7344791
0.7170785
0.7272778
0.7317627
0.7194203
0.7219687
0.723539
0.7238169
0.733858
0.7646587
0.7891594
0.7984128
0.7868135
0.7570416
0.7539164
0.7422207
0.7183576
0.7242001
0.7380919
0.7269759
0.7114955
0.7273401
0.7461358
0.7363732
0.7215873
0.7477781
0.7794334
0.7722554
0.7684073
0.7649737
0.7482414
0.7337837
0.7314736
0.744934
0.7452732
0.7309742
0.7190266
0.7080781
0.6956624
0.6836385
0.6721132
0.6679078
0.6551704
0.6349627
0.6361644
0.6377489
0.6404564
0.6332965
0.6203384
0.6282276
0.6272727
0.6217442
0.6274219
0.6312127
0.6318162
0.6310055
0.63017
0.6308101
0.621119
0.6097777
0.6162011
0.6295515
0.6303733
0.6317618
0.6487501
0.6746823
0.6930911
0.6965581
0.7165358
0.7408255
0.7412987
0.7460261
0.7729974
0.7865639
0.7663036
0.7335052
0.7140999
0.7143724
0.7118615
0.7088521
0.7031502
0.6934226
0.6918674
0.6808428
0.666049
0.677869
0.690275
0.6835626
0.6944587
0.7156018
0.7172831
0.7176983
0.7507677
0.783758
0.7764633
0.7547982
0.7530421
0.7723404
0.7800542
0.7539847
0.7246296
0.7181736
0.6997608
0.6846537
0.6878658
0.6849699
0.6855627
0.7071178
0.7136117
0.7005995
0.6904964
0.6792914
0.6891438
0.6905268
0.69179
0.7062907
0.7127832
0.706829
0.6949314
0.7012291
0.7188006
0.7361458
0.7293602
0.7131375
0.7354311
0.7658591
0.7555499
0.7785584
0.7845351
0.7407288
0.7788868
0.7981119
0.7844135
0.7632757
0.7244388
0.700988
0.70114
0.7539562
0.7676649
0.7470952
0.7260998
0.7259007
0.7462702
0.7441886
0.7300832
0.7256681
0.7473341
0.7507354
0.7474938
0.7711128
0.7741027
0.7553906
0.7572923
0.7735392
0.763896
0.7547179
0.7568638
0.7607369
0.7322455
0.7496135
0.7631198
0.7130112
0.759183
0.7470474
0.7056309
0.7061144
0.6859618
0.7017571
0.7164026
0.706887
0.6967587
0.7167783
0.7310811
0.7148342
0.711627
0.7369206
0.7301462
0.7048294
0.7283511
0.7503028
0.7272972
0.7208512
0.7351954
0.721833
0.7080995
0.72299
0.7368073
0.7168275
0.7110357
0.7252089
0.7138511
0.7210477
0.7425653
0.7369579
0.7158862
0.7243922
0.7400884
0.7252023
0.728418
0.7442987
0.7275385
0.70837
0.7210878
0.7300588
0.7219963
0.705006
0.691343
0.6985068
0.7056402
0.7076744
0.7055745
0.6964333
0.6853544
0.6805168
0.6845483
0.6816555
0.6724771
0.6701093
0.6683706
0.6627384
0.6582762
0.6503428
0.6464666
0.646094
0.639711
0.6402107
0.6386501
0.6364183
0.6412601
0.6359944
0.6307537
0.6366769
0.6440452
0.6310868
0.6188583
0.621798
0.6166969
0.6140694
0.6133675
0.6087859
0.6051618
0.6019322
0.6001239
0.5988795
0.5992921
0.5995166
0.598549
0.5995984
0.6013257
0.6015963
0.6025542
0.6021516
0.601071
0.6086172
0.6122853
0.6102055
0.616151
0.6203032
0.6219813
0.6248609
0.6250084
0.6240003
0.6229908
0.6197863
0.6175375
0.6195932
0.6212321
0.6173609
0.6118757
0.6125365
0.6141521
0.6117334
0.6071528
0.6063609
0.6106632
0.6097636
0.6088032
0.612077
0.6105343
0.6088383
0.6179278
0.6161598
0.6002607
0.6100286
0.6196686
0.6061939
0.6019144
0.6125522
0.6151303
0.6048273
0.6031229
0.5986328
0.5868405
0.5880598
0.5912476
0.5832657
0.5729775
0.5739702
0.5795682
0.5736808
0.5658668
0.5675927
0.5711401
0.5684707
0.5692863
0.5654674
0.5707386
0.5604083
0.584029
0.6495149
0.6717077
0.6551844
0.6561937
0.7490163
0.7305101
0.6473903
0.6566457
0.6749007
0.7007581
0.6868701
0.6888436
0.67698
0.6935445
0.7123954
0.7021221
0.7069042
0.6537117
0.6815458
0.6981048
0.6861501
0.6939728
0.6661216
0.6643052
0.6426391
0.6428831
0.6892412
0.6985033
0.6845537
0.7193216
0.7551989
0.6570427
0.6110318
0.6974615
0.6650547
0.6543996
0.7147053
0.6695789
0.6399599
0.6801856
0.6778453
0.682818
0.6878801
0.676619
0.6940243
0.6799244
0.6900312
0.7228645
0.6935079
0.6752853
0.7184255
0.718708
0.7060875
0.6774743
0.6761046
0.7054844
0.6842771
0.7444615
0.7461266
0.6688901
0.6399543
0.6557549
0.680765
0.6793279
0.6514728
0.5806296
0.5689996
0.5886763
0.5818498
0.5779312
0.5810286
0.5851161
0.5808581
0.5761167
0.5831519
0.592862
0.5875369
0.5820468
0.5953539
0.6070782
0.6016821
0.612242
0.6239557
0.6157429
0.6198602
0.6335469
0.6268992
0.615112
0.6240664
0.6338418
0.6242001
0.6147816
0.6242284
0.6304177
0.6213226
0.6253192
0.6468949
0.6544062
0.6399762
0.642423
0.6899355
0.7377365
0.7442306
0.7217426
0.6858713
0.6751723
0.6748832
0.6527559
0.651845
0.6616897
0.6494434
0.6430404
0.6543453
0.6518076
0.6378319
0.6503227
0.6624883
0.6478734
0.6517133
0.6680158
0.6574149
0.6449585
0.6584024
0.6611025
0.6432197
0.6478331
0.6654912
0.6597099
0.6429276
0.6544199
0.6640343
0.6500166
0.6560494
0.6763959
0.6748474
0.6583289
0.6694084
0.6797795
0.6587138
0.6579347
0.6731002
0.664339
0.6495897
0.6646262
0.6802164
0.6612978
0.6455196
0.6598408
0.6636937
0.6432017
0.6452864
0.6583886
0.6485104
0.6408219
0.6562906
0.6603975
0.6437203
0.6484187
0.6657791
0.6617666
0.6453814
0.6507693
0.6706054
0.6631373
0.648347
0.6633098
0.6757691
0.6590741
0.6465199
0.6629456
0.6784964
0.6661123
0.653226
0.6706341
0.6852066
0.6697864
0.6631478
0.6815631
0.6952241
0.6799321
0.670534
0.6811085
0.6911977
0.6623895
0.6899771
0.7210212
0.6640461
0.6454376
0.6681501
0.7285941
0.7268817
0.6899213
0.6779097
0.665184
0.6807043
0.6796584
0.6633696
0.6700247
0.6866317
0.679171
0.6675914
0.6835539
0.690331
0.6665588
0.6771826
0.6914618
0.6712527
0.6733922
0.6916663
0.6846
0.6659063
0.6688744
0.66905
0.6544674
0.6713355
0.6867033
0.6687391
0.6698304
0.695159
0.6962978
0.674862
0.6864662
0.7049298
0.6879304
0.6813047
0.6956771
0.6902509
0.6702861
0.6848188
0.7001619
0.6767678
0.6812449
0.7025154
0.6879401
0.680341
0.7025219
0.7044803
0.6774579
0.6875189
0.7053216
0.684791
0.6819656
0.7016547
0.6938192
0.6711399
0.6869662
0.7074158
0.693583
0.6916775
0.714693
0.7144846
0.6919843
0.7086853
0.7323837
0.7096447
0.7075013
0.7277128
0.7089594
0.6948597
0.7115744
0.7055958
0.6824183
0.7009733
0.7151754
0.6894618
0.6974601
0.7145812
0.693326
0.6952097
0.7196344
0.7121532
0.6961607
0.7118725
0.7169742
0.6886504
0.6909591
0.7124574
0.7028413
0.6872268
0.703021
0.7120131
0.6896417
0.6957054
0.717621
0.7054545
0.6979636
0.7230584
0.7199412
0.6869001
0.6967911
0.7087344
0.6849703
0.6892898
0.7146739
0.7035032
0.6811378
0.7006414
0.7049783
0.6814615
0.6905399
0.7139742
0.7185172
0.7006226
0.6900059
0.7073135
0.7209829
0.7023058
0.6956776
0.7184422
0.7123965
0.685571
0.6997952
0.7194074
0.7025387
0.6933233
0.7150851
0.7185778
0.6926536
0.7062916
0.7264518
0.7076964
0.6970069
0.7164734
0.7192883
0.690627
0.6938207
0.7179408
0.7076666
0.683231
0.7002476
0.7239831
0.7086631
0.6959679
0.7136032
0.7218327
0.7006234
0.6945147
0.7107009
0.7036279
0.6780943
0.6890342
0.7121197
0.701129
0.6828533
0.6976567
0.7184676
0.7014103
0.6814001
0.6976137
0.7222631
0.7077228
0.6832419
0.6934563
0.7172826
0.7018319
0.6960772
0.6866231
0.6097588
0.6445534
0.6841209
0.6557892
0.6637526
0.6128139
0.6557725
0.7527006
0.7523634
0.7336306
0.7042516
0.7117607
0.7304023
0.7069955
0.7137957
0.7427521
0.738158
0.7149688
0.7276963
0.7417819
0.7132394
0.7082229
0.721216
0.7097643
0.6937765
0.7045029
0.7152162
0.7003658
0.6972959
0.7141453
0.7180464
0.7004972
0.6974949
0.7157581
0.7127424
0.689636
0.6972263
0.7205751
0.7122831
0.6937807
0.7053279
0.726589
0.7195012
0.6978736
0.7081162
0.7211931
0.7043374
0.6982711
0.7077629
0.7037806
0.6862451
0.6888562
0.7066448
0.7036612
0.6887764
0.6983702
0.7007181
0.6786118
0.6861924
0.6996207
0.6879124
0.682186
0.6957524
0.6936556
0.6752105
0.6848928
0.7017626
0.6939793
0.6818164
0.6950713
0.7113615
0.7003202
0.6900829
0.7007175
0.7036713
0.6846165
0.6773391
0.6797256
0.669923
0.6593468
0.6516917
0.6633038
0.6780294
0.6758529
0.6776882
0.6954523
0.7033674
0.6861607
0.6838878
0.6966512
0.6863778
0.6699427
0.6794787
0.6958183
0.6962001
0.6800346
0.682721
0.6989534
0.6941514
0.6830821
0.6741587
0.6635616
0.6587947
0.6215805
0.6350541
0.7215031
0.7044251
0.6630852
0.6638494
0.6585788
0.6518378
0.636878
0.6369984
0.6438343
0.642467
0.633421
0.6359086
0.6466313
0.6455866
0.6385645
0.6435523
0.6550144
0.6552317
0.6499406
0.6560955
0.6651775
0.6701117
0.6689563
0.6624062
0.6652198
0.6704045
0.6693081
0.6623617
0.661624
0.6670401
0.6633327
0.6592554
0.6663342
0.6752726
0.6718117
0.6636028
0.6705866
0.6794191
0.6718428
0.6672055
0.6784197
0.6776947
0.6660367
0.6687491
0.6804099
0.6846475
0.672573
0.6747065
0.6870968
0.6778115
0.6682512
0.675456
0.6839756
0.6769518
0.6645534
0.6686868
0.676457
0.6710032
0.6655352
0.6744442
0.6791306
0.6698166
0.6680311
0.6817591
0.6842662
0.6710485
0.6766205
0.69507
0.6908457
0.6705408
0.6768861
0.6904489
0.6796435
0.6681963
0.6793499
0.6844665
0.6718443
0.6699807
0.6816199
0.6826607
0.6695664
0.6751816
0.6922829
0.6857582
0.6680164
0.67368
0.691955
0.6880705
0.6704544
0.6776391
0.6942641
0.6839933
0.6659263
0.6739036
0.6890201
0.6805679
0.6662219
0.6743623
0.6864725
0.6785809
0.6680913
0.6761999
0.6845326
0.675949
0.6675935
0.6767085
0.6860092
0.6762622
0.6720509
0.6832646
0.6821147
0.6681534
0.6725126
0.6857597
0.6810749
0.672701
0.6801987
0.689044
0.6898665
0.6946403
0.6898425
0.6734508
0.6718136
0.6754822
0.6669322
0.6553315
0.6590189
0.6626218
0.6544997
0.6564413
0.6664717
0.6688023
0.6653087
0.6805592
0.6988991
0.6953295
0.6969945
0.7098644
0.7065702
0.6951358
0.7054548
0.7059136
0.6911063
0.7015384
0.7028545
0.6858146
0.6964365
0.7028702
0.6841696
0.6859531
0.6924184
0.6813601
0.6653373
0.6500421
0.6412668
0.6335343
0.6278844
0.6261056
0.6193824
0.6143032
0.6212846
0.6191671
0.6118302
0.614197
0.6134468
0.6118165
0.6042986
0.5987994
0.6053777
0.6046767
0.5953592
0.5889074
0.5906959
0.5971985
0.5927511
0.5838267
0.5857397
0.5854628
0.5819982
0.5818957
0.5777875
0.5757477
0.5781904
0.5808996
0.5840577
0.5847217
0.5832762
0.5839496
0.5882025
0.5915498
0.5902022
0.5901863
0.5926913
0.5954588
0.5972926
0.5966999
0.6008034
0.6069041
0.6100795
0.6117813
0.609989
0.6104819
0.6132917
0.6114428
0.6109676
0.6117552
0.6080474
0.6030097
0.6024008
0.6067076
0.6044958
0.6011847
0.6048738
0.6102453
0.6122837
0.6074632
0.6050434
0.6069017
0.6080816
0.6066605
0.6045216
0.6056402
0.609486
0.6100404
0.60706
0.6071653
0.6110035
0.611472
0.6075935
0.6088869
0.6106861
0.6060629
0.6011584
0.6022538
0.6010962
0.5972723
0.6056469
0.6156005
0.6150424
0.6109406
0.6126945
0.6180506
0.6142362
0.6104836
0.6157487
0.6154295
0.6087174
0.6088592
0.6141028
0.6121786
0.6072197
0.6113406
0.6206466
0.6203528
0.6140091
0.618805
0.627827
0.6286784
0.6231418
0.6236792
0.6312415
0.6332517
0.6285461
0.6292246
0.636725
0.6376291
0.6301297
0.6444109
0.7015758
0.737159
0.7150113
0.6916951
0.682041
0.6688496
0.6608031
0.6581094
0.6515724
0.6503018
0.6532718
0.6494362
0.6470039
0.6523803
0.658292
0.6573077
0.6594195
0.6641274
0.6626754
0.662675
0.6663641
0.6650708
0.6578707
0.657957
0.6593535
0.6524607
0.6490976
0.6520062
0.651533
0.6453221
0.6443789
0.6495673
0.6466283
0.6397613
0.641788
0.6481168
0.6472149
0.6408797
0.6429086
0.6498182
0.6485964
0.6435893
0.644891
0.6466801
0.6398374
0.6337218
0.6377946
0.6416679
0.6380822
0.636365
0.6408417
0.6415543
0.634198
0.6326645
0.6404576
0.6428502
0.6392046
0.6391161
0.6418624
0.6396338
0.6368067
0.6415522
0.6438281
0.6390464
0.6351752
0.6372287
0.6393774
0.6342481
0.6302453
0.6352078
0.637005
0.6320717
0.635762
0.6416347
0.6390787
0.6328166
0.6340829
0.6372146
0.6337965
0.6435869
0.6552247
0.647969
0.6386158
0.6410432
0.6443956
0.6381527
0.632345
0.6328207
0.6340983
0.6327002
0.6315249
0.6335925
0.6330105
0.6312636
0.629456
0.6267273
0.6274543
0.6261496
0.6197038
0.6134647
0.6096195
0.6063578
0.602614
0.5983604
0.5969671
0.600193
0.60591
0.6064395
0.6050036
0.6124959
0.6166525
0.614537
0.6133741
0.6127743
0.6176559
0.6229582
0.6217392
0.6205685
0.6235636
0.6251562
0.621578
0.6198869
0.6242917
0.627392
0.6265032
0.6289542
0.6360822
0.6372525
0.6339395
0.6376053
0.6441543
0.6421871
0.6405013
0.646636
0.6488084
0.6428934
0.6408093
0.6462862
0.647129
0.6418047
0.6407079
0.6476256
0.6506276
0.6452329
0.644387
0.6496367
0.6509209
0.6447326
0.6419762
0.6460344
0.6477027
0.6451105
0.6453783
0.6383642
0.6207771
0.6209573
0.6302728
0.62607
0.6226723
0.6229763
0.6189141
0.61859
0.6189813
0.6183382
0.6150647
0.6081479
0.607278
0.6107551
0.6052651
0.5963534
0.5992777
0.6054323
0.6051815
0.603001
0.6064062
0.6068767
0.6067805
0.612138
0.6124062
0.6097398
0.6093551
0.6118544
0.6161228
0.617606
0.6186152
0.6235814
0.6248295
0.623486
0.6289134
0.6336102
0.6322241
0.6309539
0.63548
0.6356233
0.6262708
0.6246514
0.6312992
0.6321369
0.6256542
0.6251902
0.63282
0.6345466
0.6304746
0.6321063
0.6388528
0.6395494
0.6333168
0.6346116
0.6409974
0.6373325
0.6310625
0.6312211
0.634863
0.6357636
0.6332494
0.63521
0.6407036
0.6419327
0.6401088
0.6400344
0.6431602
0.6433334
0.6397795
0.6416838
0.6461201
0.6455471
0.6425274
0.6449754
0.6486515
0.6449418
0.6392562
0.641369
0.6463037
0.6431721
0.6370348
0.6385681
0.645387
0.6460029
0.6432516
0.6494374
0.6559031
0.6516218
0.6490318
0.6541258
0.6553032
0.6472985
0.6435491
0.6485244
0.6500366
0.6457951
0.6447061
0.6494036
0.6478239
0.6403234
0.6380847
0.6388212
0.633649
0.6278104
0.6328821
0.631773
0.6227349
0.6238267
0.6234575
0.6199243
0.6200838
0.6187504
0.614061
0.613571
0.6138816
0.6080136
0.605439
0.6042552
0.5974578
0.590849
0.5938598
0.5963796
0.5938476
0.590879
0.5929237
0.5986638
0.5991992
0.6077881
0.6441575
0.6865307
0.6918715
0.6709542
0.6457696
0.6305596
0.6296175
0.6236777
0.6113529
0.6108662
0.6120958
0.6073068
0.606736
0.6039918
0.6057565
0.6142005
0.6161578
0.6174094
0.6213022
0.6137813
0.6061205
0.6079831
0.6054491
0.5964346
0.5955389
0.5989414
0.5958977
0.5944294
0.5988669
0.6050177
0.6099714
0.6061088
0.5939335
0.591
0.5925388
0.5905501
0.5916914
0.5942127
0.5913106
0.5859015
0.5842871
0.5869789
0.585293
0.5744706
0.572724
0.5822741
0.5760639
0.5684498
0.5767127
0.5750801
0.5708532
0.572873
0.5687525
0.5657388
0.5694833
0.5721844
0.5729428
0.575075
0.5757537
0.5685895
0.5599069
0.566175
0.5683063
0.5601235
0.569277
0.5693656
0.5633471
0.5747829
0.5760094
0.574958
0.5796847
0.5880575
0.5995273
0.5963406
0.5849224
0.5883855
0.5968326
0.600438
0.5931403
0.5840972
0.5891539
0.5845781
0.581889
0.5830503
0.5851047
0.591163
0.5886661
0.5854263
0.5780439
0.5782915
0.5872979
0.5860279
0.5812791
0.5797543
0.5849184
0.5993916
0.6054052
0.5973083
0.5945409
0.6128332
0.6251632
0.6099306
0.6106609
0.619616
0.6045737
0.6015002
0.6118422
0.5994112
0.5952036
0.6023839
0.5921949
0.5911966
0.5971453
0.597972
0.5933338
0.588321
0.5796367
0.569223
0.5689922
0.5732683
0.5674003
0.5608602
0.5627715
0.5589964
0.5608275
0.5600758
0.5556309
0.5539547
0.551363
0.553856
0.5491666
0.5448501
0.5501483
0.5469572
0.5450757
0.5529181
0.5566547
0.5596994
0.5674425
0.5642624
0.5532006
0.5546581
0.5587626
0.5561026
0.5529839
0.5432291
0.5402759
0.5483871
0.5447048
0.5423426
0.5507465
0.5535758
0.5482398
0.5474216
0.5547803
0.5530592
0.5510734
0.5621757
0.5646659
0.5563519
0.5565265
0.5610546
0.5575121
0.5595055
0.5614743
0.5546139
0.5539524
0.5557398
0.5542187
0.5528377
0.5544188
0.5552452
0.549385
0.5507474
0.5588297
0.5564933
0.5564229
0.5656415
0.5675191
0.5603671
0.5638718
0.570186
0.5656062
0.5639057
0.5704533
0.5749738
0.5717852
0.5729112
0.5822605
0.5870906
0.5848073
0.5912121
0.6044947
0.6066208
0.6003806
0.5991466
0.6039651
0.6089395
0.6063581
0.6032933
0.6045071
0.6079252
0.6083236
0.5983304
0.5935677
0.5985644
0.602155
0.5983443
0.5985841
0.6118642
0.6235156
0.626153
0.6292242
0.6402369
0.6434818
0.6311555
0.627078
0.63495
0.6341013
0.6260913
0.6310894
0.6401599
0.638453
0.6324841
0.6344125
0.6467946
0.647797
0.6385269
0.6403168
0.6507522
0.6522334
0.6426084
0.6414429
0.6472409
0.6418992
0.6314181
0.6336016
0.6375668
0.6300529
0.6245385
0.6255602
0.6274308
0.6195486
0.6047408
0.6000364
0.6108217
0.6224044
0.6221162
0.6224263
0.6320102
0.6404303
0.6357456
0.6321986
0.6422978
0.6488291
0.6404723
0.6355935
0.648185
0.6554769
0.6483376
0.6531049
0.6708195
0.6736889
0.6611791
0.6657569
0.6792481
0.6715051
0.6592671
0.6648412
0.6755976
0.6680289
0.6580948
0.6656253
0.6748316
0.6657845
0.6543471
0.6681903
0.6755923
0.6646929
0.6652292
0.6781569
0.6814386
0.6693425
0.6691312
0.6750414
0.6662321
0.6552668
0.6531705
0.6614919
0.6664954
0.6581031
0.6559579
0.6674174
0.6747742
0.6663703
0.6607825
0.6740559
0.6859612
0.6779153
0.668012
0.6770615
0.6835998
0.6706851
0.6636508
0.6727126
0.6774695
0.6689464
0.6651352
0.6763718
0.6814735
0.6665691
0.663654
0.6757026
0.6913172
0.6607919
0.6915712
0.7220322
0.6335273
0.6185721
0.6227901
0.604274
0.6496821
0.7296926
0.72048
0.6744618
0.6789261
0.6770128
0.6660981
0.6737513
0.6892249
0.6813319
0.6864889
0.7017578
0.6935131
0.6773835
0.6908437
0.7050029
0.6878442
0.6713822
0.6822797
0.6919262
0.6773059
0.6713799
0.6827615
0.6885016
0.6774641
0.6665871
0.6743272
0.678368
0.6673466
0.6659555
0.6792979
0.6767736
0.6584912
0.6592547
0.6700594
0.6627098
0.6499498
0.6564209
0.6654817
0.6578537
0.651998
0.6595676
0.6601266
0.6478211
0.6519681
0.6629659
0.6573457
0.6490614
0.6539188
0.6669655
0.6701042
0.6638326
0.6638997
0.6800678
0.6825163
0.6670033
0.6749543
0.6708114
0.6585676
0.6706181
0.6642519
0.6522871
0.662517
0.6559003
0.6396671
0.6428111
0.6289113
0.6243525
0.6238075
0.6062348
0.6110907
0.620013
0.6221688
0.6168614
0.6110558
0.617299
0.6255592
0.6313187
0.635653
0.6448933
0.6501387
0.6391114
0.6354122
0.6477581
0.6511235
0.6427563
0.6433052
0.6503155
0.6447345
0.6336326
0.633118
0.6522002
0.671505
0.6673086
0.6606139
0.6757704
0.6908357
0.678685
0.666825
0.6803444
0.6956777
0.6856195
0.6683187
0.6808976
0.6972885
0.6855563
0.6869888
0.70636
0.6995245
0.6847532
0.7023906
0.710455
0.6907698
0.7078912
0.719909
0.6987928
0.7166165
0.724975
0.6976682
0.7098585
0.7204457
0.6954987
0.7018624
0.7155497
0.7044181
0.6902988
0.6916138
0.7091903
0.7013189
0.7032017
0.7298973
0.7223932
0.6963601
0.7044936
0.7171279
0.6990033
0.6909263
0.7033036
0.705379
0.6923431
0.6923073
0.71214
0.708986
0.6913601
0.6933664
0.7037965
0.7017204
0.6818882
0.6815625
0.6831933
0.6604809
0.6535063
0.6621559
0.6533378
0.6553075
0.6682004
0.6567183
0.647614
0.6670687
0.6750358
0.6560099
0.6637725
0.6725525
0.659855
0.6634584
0.6761921
0.6712961
0.6583676
0.6695098
0.680608
0.6733345
0.6690371
0.7126492
0.7054866
0.6435213
0.6403201
0.671972
0.7325679
0.7316153
0.7021963
0.7099127
0.7101933
0.693957
0.6857394
0.698812
0.6926008
0.6848208
0.6934947
0.691012
0.6795314
0.6891531
0.7036803
0.6972765
0.6974623
0.711233
0.7016009
0.6836913
0.6962311
0.7043832
0.6862247
0.6804777
0.6971912
0.7007513
0.686417
0.6903423
0.7083891
0.702335
0.6847205
0.6963069
0.7054027
0.6881007
0.6882368
0.7029663
0.6988399
0.6876033
0.6826131
0.6961238
0.7068447
0.6970174
0.6904665
0.6896557
0.701565
0.7020032
0.6811844
0.6807837
0.6824685
0.6675238
0.6647712
0.6775764
0.6777416
0.667882
0.6663762
0.6609518
0.6602151
0.6629887
0.6658129
0.673946
0.6744944
0.6717137
0.6702133
0.6599327
0.6499531
0.6603079
0.6670496
0.6579169
0.6592181
0.6707243
0.6756373
0.6665198
0.6640218
0.6726065
0.6706525
0.6668985
0.6736609
0.6852941
0.6844318
0.6749302
0.6702129
0.6723697
0.6762272
0.6656522
0.6499244
0.6434789
0.6505441
0.6630021
0.6631522
0.6592675
0.6687209
0.6816586
0.6782346
0.6759975
0.6715356
0.6691507
0.6862165
0.6922518
0.6848628
0.6881498
0.7053012
0.706571
0.6929888
0.6984633
0.7052201
0.6908681
0.6894043
0.7017848
0.690531
0.6780207
0.6911328
0.698061
0.6834739
0.6757118
0.6893631
0.6890921
0.6738747
0.6882865
0.7103614
0.7039873
0.6887257
0.6992876
0.7152716
0.7065623
0.6953382
0.7038441
0.7074569
0.696728
0.6838615
0.6772046
0.6886393
0.6837985
0.6664424
0.6784128
0.6952454
0.6852658
0.6729794
0.6842637
0.6932506
0.6809923
0.6721227
0.6839471
0.7004803
0.695859
0.6829241
0.6960435
0.7078503
0.6934937
0.6970537
0.7059636
0.6904395
0.677422
0.6781696
0.6859849
0.6916317
0.6720927
0.6778539
0.6909768
0.6297192
0.6614698
0.7637851
0.761192
0.7241992
0.699732
0.6999421
0.7082373
0.6975827
0.6921485
0.7017027
0.7114684
0.7157851
0.7266529
0.7323648
0.7241469
0.717508
0.7175414
0.7073273
0.6867052
0.6741098
0.6733219
0.6789208
0.6759297
0.6665447
0.6714941
0.6764698
0.6726363
0.6726654
0.6741909
0.6737446
0.6699682
0.6663339
0.6634424
0.6552183
0.648254
0.6457439
0.6410249
0.6361945
0.6349665
0.6338884
0.6321914
0.6240482
0.6201615
0.627851
0.6306168
0.6362145
0.6419711
0.6500931
0.6533265
0.6372111
0.6425124
0.6466403
0.6322522
0.6335066
0.6269051
0.6207279
0.6269478
0.6334011
0.6436508
0.6398097
0.6390557
0.6514689
0.6494867
0.6498001
0.6588337
0.6607847
0.6525182
0.6452883
0.6524216
0.6587876
0.6515691
0.6451596
0.6503347
0.6629573
0.6690627
0.6625894
0.6579524
0.6680627
0.6745384
0.6607176
0.6515137
0.6523108
0.6628983
0.6739407
0.67295
0.6788911
0.6964995
0.7062838
0.6957922
0.6795216
0.6676266
0.6607557
0.6482691
0.637933
0.6413128
0.6377035
0.630948
0.6311333
0.6273685
0.6253099
0.6274556
0.6219737
0.6188454
0.6242346
0.6229845
0.6218038
0.6293267
0.6286803
0.6261095
0.6319932
0.627845
0.626626
0.6326698
0.6290101
0.6286595
0.6253597
0.6193334
0.6162883
0.6085998
0.6071732
0.6116802
0.6097912
0.607718
0.608024
0.6026325
0.6011205
0.6046597
0.6007765
0.5923027
0.5947736
0.6027291
0.5995976
0.5949115
0.5917392
0.586379
0.5905041
0.596847
0.5893397
0.5914934
0.6026207
0.6053818
0.6075534
0.6083682
0.6097724
0.6110764
0.6176289
0.6146608
0.6020294
0.6060369
0.6109973
0.6036715
0.600051
0.6029107
0.6095238
0.6104402
0.6015617
0.6047056
0.6091661
0.6028215
0.5995112
0.600623
0.6011848
0.6020382
0.6127831
0.6323243
0.6369988
0.6349704
0.6498448
0.6642952
0.6707172
0.6661056
0.6610218
0.672611
0.6814677
0.6725803
0.6622157
0.6743651
0.6815276
0.668442
0.6667961
0.6794784
0.6821949
0.6717414
0.6803329
0.6963798
0.6838954
0.6785871
0.696368
0.6946146
0.6856406
0.7006347
0.7105543
0.6956343
0.6924121
0.7052355
0.6957631
0.6761698
0.6893581
0.7054171
0.6905419
0.6844236
0.7065978
0.7182723
0.7041322
0.7028172
0.7213263
0.7283139
0.7193632
0.7166144
0.7222982
0.7210583
0.7229119
0.7430481
0.756261
0.7470641
0.749879
0.7688875
0.7671564
0.7513094
0.7553214
0.7567781
0.7346304
0.7364962
0.7350248
0.7043735
0.711183
0.7294725
0.7188161
0.6888575
0.6751886
0.688627
0.6858449
0.6613958
0.6418848
0.6441316
0.6390817
0.6280762
0.62232
0.6140147
0.6145879
0.6102957
0.5990908
0.6031324
0.6110542
0.6131436
0.6056467
0.5930217
0.5970701
0.604159
0.5960023
0.5878353
0.5971754
0.6034951
0.5964203
0.593056
0.5983855
0.599755
0.5910399
0.5922087
0.5980343
0.5925261
0.5936093
0.5997939
0.597956
0.5974329
0.599446
0.5949925
0.5894545
0.587474
0.5811375
0.5831303
0.5946028
0.5933173
0.5872587
0.5956957
0.6077297
0.60532
0.597007
0.6020791
0.6112697
0.6047198
0.5960689
0.6038804
0.6122268
0.6061426
0.6005388
0.610414
0.6206737
0.613386
0.6110803
0.6240679
0.6222173
0.6126866
0.6190919
0.6284404
0.622403
0.6123272
0.6220306
0.632715
0.6256673
0.6178715
0.627421
0.6384419
0.62848
0.6208436
0.6340313
0.6414888
0.6311078
0.6247169
0.6497791
0.7093703
0.7337644
0.7189629
0.7032094
0.669749
0.6597718
0.6631135
0.6424688
0.6264357
0.6207525
0.6128221
0.6056872
0.6021871
0.6023223
0.6099604
0.6244838
0.6379615
0.6460211
0.6606946
0.680088
0.6946156
0.7030359
0.693407
0.6696595
0.6675593
0.6819644
0.6797582
0.6696891
0.6688366
0.6631246
0.6602094
0.6731282
0.6810014
0.6888682
0.6939703
0.6891429
0.6836765
0.6718307
0.6596241
0.6558069
0.6629157
0.6759917
0.6879867
0.6910968
0.6859477
0.6821505
0.6676179
0.6525579
0.6640717
0.6685567
0.6571357
0.6607604
0.675519
0.6790123
0.6690342
0.6767916
0.688835
0.6803737
0.6836576
0.7085974
0.709623
0.6966822
0.7097594
0.7116142
0.6917156
0.6943315
0.7066453
0.6937126
0.6809472
0.6952508
0.6938983
0.6773481
0.68831
0.6900592
0.6803632
0.6958757
0.6985276
0.6820495
0.6899468
0.6936098
0.6766571
0.6813625
0.6833287
0.6692904
0.677432
0.6847596
0.6730378
0.6734455
0.6808053
0.6711474
0.6675385
0.683882
0.6839827
0.6740984
0.6906068
0.7010473
0.6933876
0.6996469
0.699659
0.6944879
0.7039054
0.7025657
0.693106
0.6954706
0.6901404
0.6752381
0.6726874
0.6815969
0.6811287
0.6689045
0.6761139
0.6872861
0.6781724
0.6861764
0.7023359
0.6912785
0.6901559
0.7062245
0.7000464
0.6958969
0.7033889
0.6890171
0.6823951
0.697485
0.6913994
0.6790555
0.6899422
0.686553
0.6739825
0.687205
0.6883304
0.679034
0.6930643
0.6945087
0.6813798
0.6945033
0.7009038
0.6876099
0.6950671
0.697752
0.6858935
0.6935178
0.6943542
0.679072
0.6847104
0.6938801
0.6812254
0.678743
0.6863541
0.674493
0.6738436
0.6839561
0.6730224
0.6720509
0.6842683
0.6751613
0.6698051
0.683209
0.6755536
0.6643045
0.6751725
0.6707347
0.6596572
0.6691194
0.6657493
0.6534382
0.6648823
0.6679085
0.6556915
0.6660969
0.676069
0.667844
0.6737331
0.6785797
0.6718894
0.6835822
0.6859632
0.6683842
0.6770378
0.6877583
0.6816711
0.6904712
0.6882198
0.6749231
0.6899212
0.6985635
0.6856791
0.6865282
0.6950775
0.6831556
0.6649477
0.6771607
0.6897731
0.6743313
0.660762
0.6672636
0.6714682
0.6612805
0.6599006
0.6679095
0.6617888
0.6543766
0.6665228
0.6673867
0.6542229
0.666895
0.6710923
0.6569882
0.6708877
0.6975877
0.7171872
0.7247692
0.6976064
0.6632596
0.6579387
0.6528919
0.6483286
0.6434138
0.6277041
0.6155537
0.6109894
0.623243
0.637764
0.6343339
0.6394728
0.6592678
0.6610948
0.6513176
0.6624807
0.6770842
0.6723045
0.6739891
0.6801944
0.678822
0.6804816
0.6833414
0.6880285
0.7149489
0.7409799
0.7425041
0.7496001
0.7506582
0.7498907
0.7406677
0.7128062
0.707054
0.7155947
0.7002332
0.6715305
0.6672882
0.6662292
0.6619092
0.6512871
0.6360269
0.6362989
0.6385883
0.6337745
0.6299691
0.6419544
0.6563797
0.6579266
0.6519756
0.6662584
0.6737954
0.6610047
0.6772618
0.7068825
0.7180222
0.7011119
0.6904095
0.7002365
0.6877632
0.6830571
0.6982203
0.6900376
0.6693883
0.662655
0.6630548
0.6721538
0.6772109
0.6623182
0.6728352
0.6919155
0.6778327
0.6667341
0.6836574
0.6987588
0.6858701
0.6780346
0.687933
0.7081934
0.7231167
0.7084492
0.6951269
0.7103059
0.7151726
0.6879624
0.6955794
0.7151397
0.6982982
0.6935396
0.7143187
0.71802
0.6925629
0.7081918
0.7352614
0.7186766
0.7080101
0.7319575
0.7449147
0.7247123
0.724803
0.7403091
0.7477246
0.7429554
0.7249694
0.7171826
0.7242317
0.7358349
0.730288
0.717863
0.7351197
0.745133
0.7243645
0.7165002
0.7309956
0.7522188
0.7411585
0.7383336
0.7574955
0.7629094
0.7903856
0.7811265
0.7657115
0.7538227
0.7103037
0.7012035
0.7157899
0.7145454
0.6896192
0.6865207
0.6900379
0.673261
0.6765596
0.6851819
0.6795744
0.6814605
0.7002937
0.706633
0.6978431
0.7165877
0.7327041
0.721075
0.7359433
0.7499472
0.7418267
0.7568421
0.7580294
0.747905
0.7505039
0.7318428
0.7217109
0.7352325
0.7287078
0.7067194
0.6960482
0.70305
0.7210086
0.7333386
0.7139674
0.6902699
0.719031
0.7532436
0.7394094
0.7192723
0.7281045
0.7398236
0.7254989
0.7033529
0.7332943
0.7820442
0.7869932
0.7673759
0.7460775
0.7400849
0.7314765
0.7106747
0.6913275
0.6749877
0.6810636
0.6935633
0.6923635
0.7029545
0.7238113
0.7197972
0.7077458
0.723664
0.7366126
0.7188707
0.697235
0.7136796
0.7360292
0.7247072
0.7202847
0.7436577
0.7495548
0.7272559
0.7250552
0.7382601
0.7279411
0.7190035
0.736883
0.7407512
0.7188991
0.7131506
0.7313254
0.7256844
0.7058024
0.7225811
0.7345249
0.7161704
0.7127063
0.7306802
0.7321956
0.7138296
0.7107602
0.7255338
0.7222676
0.7043881
0.722786
0.747731
0.7302757
0.7127055
0.7311113
0.7389569
0.7134542
0.708281
0.7253299
0.7218968
0.7077448
0.7137406
0.7130701
0.7020237
0.7232944
0.7398946
0.7278974
0.7308935
0.7444283
0.7370413
0.7216435
0.7246105
0.7326734
0.7220723
0.7111479
0.7196867
0.7195644
0.713564
0.7218118
0.7163667
0.7070455
0.7221175
0.7299557
0.7189853
0.7214969
0.7374386
0.7335302
0.7183065
0.728545
0.7374642
0.7208287
0.7105495
0.7190555
0.7161329
0.7047897
0.7167478
0.7275978
0.7156497
0.7052682
0.718284
0.7266756
0.7096851
0.7030471
0.7196772
0.7209804
0.7011286
0.7030623
0.7069535
0.6920462
0.6925848
0.7072785
0.700602
0.685643
0.6991132
0.7098409
0.6944472
0.6882339
0.7033352
0.7091111
0.6942654
0.689413
0.7039562
0.6996887
0.6845149
0.6949892
0.7066299
0.6986832
0.6932714
0.7034163
0.7027551
0.6886548
0.693987
0.7049676
0.6948504
0.6842842
0.6959258
0.700073
0.6837692
0.6852682
0.6956302
0.6953477
0.6655593
0.6981155
0.7636961
0.7348867
0.6876378
0.7037778
0.774322
0.7721162
0.7369678
0.7198519
0.6922179
0.6960323
0.7008202
0.6941137
0.699197
0.7134617
0.7155994
0.7094663
0.7169003
0.721426
0.7106301
0.7115507
0.7245429
0.7228089
0.7073952
0.7069846
0.7133511
0.7036131
0.6956054
0.7005427
0.704171
0.6969722
0.6809534
0.6852676
0.7018014
0.6912724
0.6772891
0.6921999
0.7006267
0.6850083
0.6771791
0.6864375
0.6892672
0.6763674
0.6774769
0.692106
0.6839003
0.6716683
0.6888706
0.6999434
0.6844365
0.6803939
0.6913602
0.6872992
0.6774281
0.6857672
0.6884392
0.6768486
0.6804694
0.6942893
0.690045
0.6777733
0.6877581
0.704415
0.6957374
0.680408
0.6900867
0.6982596
0.6851469
0.6769673
0.6946487
0.7027209
0.6885625
0.6976032
0.7140086
0.7080149
0.7008365
0.7066877
0.7027553
0.692091
0.7033805
0.7084963
0.6968581
0.702625
0.7100689
0.7004341
0.7011563
0.7157139
0.7114264
0.7018779
0.713
0.7140598
0.7036718
0.710404
0.7186835
0.7071358
0.6938627
0.7024462
0.70009
0.683915
0.696071
0.7134996
0.7040972
0.6942602
0.7145646
0.7155735
0.6983652
0.7253632
0.7485009
0.7369755
0.7244416
0.7099329
0.6957244
0.6782763
0.6540023
0.6453704
0.6540886
0.6512302
0.635044
0.6432578
0.6536728
0.6409544
0.6396204
0.6623448
0.6801732
0.6748665
0.6902816
0.7033195
0.6858598
0.6757353
0.6645585
0.6531201
0.6567971
0.6502011
0.6337614
0.6329232
0.6246023
0.6270043
0.6439215
0.6455372
0.6369242
0.6353583
0.6377801
0.6367132
0.6358108
0.6335183
0.634498
0.6399589
0.6444857
0.6390142
0.6401875
0.6517027
0.6578393
0.6714028
0.684283
0.6735369
0.669334
0.6781718
0.6963036
0.7030154
0.6817075
0.6829503
0.7011859
0.7096459
0.6984469
0.6852494
0.6955334
0.7146123
0.734307
0.7280321
0.7026071
0.7046539
0.7216649
0.7189319
0.7075593
0.6981577
0.6813427
0.6786475
0.688709
0.6944817
0.7059263
0.7445332
0.7427424
0.7778808
0.7587687
0.6716651
0.7778273
0.8325064
0.8055404
0.8018724
0.7808865
0.7805329
0.7587896
0.7391053
0.7457828
0.7556676
0.7424421
0.7395377
0.7554711
0.750291
0.7337472
0.754111
0.7661522
0.7417357
0.7352716
0.7410092
0.7467057
0.7403019
0.7090691
0.6920616
0.6926671
0.6846991
0.687021
0.7004292
0.6962654
0.6875606
0.7042996
0.7185807
0.7079041
0.720017
0.73429
0.7249055
0.7427765
0.7515846
0.7443617
0.7578818
0.7484518
0.7392374
0.7580302
0.7532093
0.7407442
0.7529017
0.7498462
0.7396522
0.7500202
0.7479995
0.7359187
0.7566244
0.7711836
0.7536168
0.7601244
0.7694298
0.7488623
0.7412091
0.7382111
0.7230888
0.7310481
0.7343201
0.7171539
0.7261322
0.7334012
0.7176334
0.7247478
0.73299
0.7222703
0.7237582
0.7140292
0.7030517
0.7153217
0.7149727
0.7091556
0.7205311
0.7183511
0.7090107
0.717511
0.7114277
0.7067857
0.7165184
0.7105163
0.7100315
0.7060518
0.6895422
0.6974407
0.7078405
0.6988291
0.6984083
0.7162862
0.7015792
0.7211769
0.8048293
0.7497257
0.6591927
0.7318315
0.8070476
0.7880452
0.7565422
0.743857
0.7295752
0.7171931
0.724072
0.7283928
0.7220126
0.7289925
0.7304159
0.7255073
0.7317465
0.7290572
0.720522
0.7286589
0.729377
0.7183468
0.7281263
0.7328689
0.7247815
0.7333239
0.7392999
0.7238102
0.7192317
0.7247975
0.7111444
0.7113799
0.7222148
0.7074924
0.6983941
0.7054217
0.6971468
0.6971595
0.704285
0.6922473
0.6969922
0.7073622
0.6948697
0.68855
0.6998953
0.6949384
0.6869028
0.7016625
0.698925
0.6898147
0.7038938
0.6983232
0.684599
0.6972648
0.6930938
0.6773229
0.691413
0.7070103
0.6934926
0.6777719
0.6876681
0.6934585
0.681546
0.6906705
0.7023867
0.692249
0.7011223
0.7128027
0.7041229
0.7116641
0.7195894
0.7081082
0.7117955
0.7253416
0.7138814
0.7085418
0.7197857
0.7096273
0.71008
0.7191193
0.7007924
0.6968105
0.7037385
0.6917114
0.6955095
0.7104455
0.7021465
0.6999006
0.7103977
0.6989917
0.6943311
0.7083144
0.699649
0.6925533
0.6997536
0.683459
0.678528
0.6868881
0.67786
0.6907005
0.695936
0.680215
0.6858932
0.6808687
0.6775495
0.6941336
0.6855235
0.6790444
0.6947274
0.6847967
0.6746571
0.6872937
0.6818464
0.6748499
0.6841771
0.6781779
0.6725012
0.6813536
0.6740903
0.6742494
0.6889455
0.6826426
0.6846463
0.6882318
0.6818364
0.6996514
0.702255
0.6880659
0.7048871
0.7143869
0.6964416
0.6988821
0.6962598
0.6812954
0.6851345
0.6838999
0.6976474
0.7308604
0.7423371
0.7332996
0.7117419
0.6812762
0.6708179
0.6712362
0.6627718
0.6597999
0.6677851
0.6744954
0.666692
0.6669743
0.6751978
0.6780647
0.6750522
0.6684522
0.6788365
0.6933061
0.6996986
0.6917865
0.6870653
0.7066489
0.7087961
0.6962026
0.7095358
0.7171187
0.7006921
0.7080032
0.7186541
0.7017831
0.7048888
0.711846
0.6971314
0.7019539
0.7081006
0.6947909
0.701423
0.7106356
0.6991172
0.7004911
0.6940785
0.6750164
0.6849499
0.71076
0.7175188
0.7029508
0.7020191
0.7110642
0.6985796
0.684621
0.6980721
0.7033746
0.6891134
0.6944698
0.7033154
0.6906259
0.6762554
0.6886936
0.6957939
0.6848093
0.6936842
0.7106797
0.7045109
0.6949393
0.7124719
0.7334842
0.7310884
0.720471
0.731226
0.7443244
0.7280212
0.7093871
0.7169727
0.7235624
0.7186927
0.709607
0.6944525
0.6895727
0.7000203
0.7059049
0.6965622
0.6936494
0.709075
0.7174571
0.7070246
0.7009542
0.7118591
0.7122138
0.6903697
0.6836427
0.6975202
0.6956549
0.6785625
0.6813153
0.6938385
0.6869594
0.6769078
0.6896293
0.6973005
0.6857393
0.6898785
0.7046234
0.6964558
0.6817777
0.6926906
0.7016331
0.6898557
0.6865499
0.6942013
0.6852999
0.6750572
0.6869193
0.6846078
0.6683978
0.6817138
0.6896016
0.6769104
0.6802724
0.6947145
0.6925448
0.6812305
0.6946002
0.7064038
0.6929229
0.6820228
0.6866732
0.7006114
0.6995169
0.6838123
0.6901898
0.6901284
0.6760764
0.6918696
0.6993016
0.681906
0.6850554
0.6946653
0.6890015
0.6878031
0.7020197
0.7038499
0.690699
0.700137
0.7156707
0.7069624
0.690596
0.698397
0.7066586
0.6952043
0.6973707
0.7079416
0.6986492
0.6864536
0.6979442
0.7052122
0.6902886
0.6863727
0.6975605
0.6894712
0.6803926
0.6952729
0.68769
0.6714311
0.6879032
0.6947458
0.6781285
0.6855334
0.7039694
0.6968275
0.6960472
0.7095903
0.7003689
0.6883796
0.7026434
0.7140298
0.7029223
0.6888081
0.7001487
0.6996439
0.678371
0.7091047
0.7740293
0.809754
0.8108017
0.774723
0.7219945
0.6916513
0.6829922
0.677722
0.673695
0.6866845
0.6999669
0.6932727
0.6920672
0.7017415
0.7114538
0.7169006
0.7127297
0.7120037
0.7056709
0.7064
0.7221108
0.7172015
0.706919
0.7137694
0.7138249
0.702365
0.7071612
0.7145905
0.7081986
0.7042726
0.7136618
0.714501
0.6985651
0.7046987
0.7110617
0.6970242
0.6951769
0.707073
0.7085804
0.7030201
0.7040781
0.6936064
0.6904851
0.6930207
0.6820473
0.6842787
0.6953261
0.6903808
0.6803785
0.6932804
0.7026924
0.6888834
0.6856582
0.699614
0.6951714
0.681018
0.694735
0.7018109
0.6873719
0.6880404
0.7008268
0.6953814
0.6792862
0.6876259
0.6942846
0.679546
0.6824902
0.6977766
0.6883474
0.6762466
0.6921119
0.6985326
0.6846829
0.6901397
0.7050339
0.6996519
0.6924726
0.7044224
0.7111291
0.6982519
0.6920744
0.7045708
0.7022161
0.6910687
0.7064469
0.7164724
0.7064967
0.7099521
0.7236839
0.7175866
0.7043938
0.7118006
0.7089187
0.6952199
0.7051344
0.7021495
0.6839616
0.6961324
0.6998848
0.6806736
0.6942271
0.706765
0.692403
0.6974813
0.7104694
0.7012337
0.6943069
0.7072502
0.7034221
0.6887621
0.6986447
0.6989359
0.6805072
0.685525
0.6949031
0.68459
0.6828187
0.6963926
0.6903221
0.6738668
0.6859581
0.6937647
0.6791448
0.6817658
0.6954965
0.6880003
0.6793847
0.6925273
0.6898954
0.674315
0.6863948
0.6944729
0.6836656
0.6821801
0.6977778
0.6987167
0.6841519
0.6957405
0.7040175
0.6909735
0.6925823
0.7038853
0.6966948
0.6942235
0.7041692
0.6943516
0.6807255
0.6884515
0.6908041
0.6794983
0.6804984
0.6826236
0.6696616
0.6548589
0.6641659
0.672731
0.6690828
0.6840709
0.6953878
0.6870819
0.6795277
0.684148
0.7015229
0.7243855
0.7198092
0.7026697
0.709368
0.7133025
0.7125301
0.7205675
0.7115326
0.6922895
0.6952303
0.692669
0.6804077
0.6875657
0.6977839
0.7000243
0.6876216
0.6847374
0.7322211
0.8200833
0.759748
0.6794932
0.782634
0.799772
0.7631461
0.7582899
0.7241864
0.7239083
0.7262763
0.7162283
0.730874
0.7583814
0.7562321
0.7385102
0.7419852
0.7410542
0.7309364
0.7289291
0.7227666
0.7165297
0.7246943
0.7230456
0.7044224
0.7040348
0.7079637
0.7019926
0.7038808
0.7163644
0.7126838
0.7014729
0.7183341
0.725875
0.7172044
0.7310983
0.7289
0.7114963
0.7209419
0.7161129
0.6962445
0.7065875
0.7064768
0.6885813
0.6993912
0.7017435
0.6840002
0.6897346
0.7011279
0.6895884
0.6810076
0.6891633
0.6842903
0.6770009
0.6898319
0.6933522
0.6785269
0.6859421
0.6947344
0.6812359
0.684571
0.6965329
0.6882231
0.6800336
0.6862283
0.6802218
0.6709875
0.6785798
0.6768711
0.6679127
0.6805874
0.6895171
0.6782457
0.6748198
0.6878522
0.6870111
0.671586
0.6803731
0.6919637
0.683592
0.675927
0.6898312
0.6933099
0.677514
0.6929603
0.6996397
0.6788614
0.6855357
0.6909322
0.6753892
0.6782303
0.6923399
0.688159
0.6732048
0.6808135
0.6937284
0.6854972
0.6828687
0.6942438
0.6922302
0.6947773
0.7106187
0.7080408
0.7052805
0.7269805
0.7398234
0.7255053
0.7301701
0.7363102
0.7175842
0.7186062
0.7169172
0.699946
0.7078131
0.7064538
0.6918847
0.7024279
0.7155296
0.7094924
0.695663
0.6978751
0.6950556
0.678571
0.6841295
0.6969352
0.6899062
0.6777065
0.688062
0.6992582
0.689175
0.6838993
0.6980805
0.7029575
0.6879001
0.6956503
0.7027285
0.6841882
0.6927572
0.7057662
0.6929881
0.6981519
0.7093446
0.6988715
0.6945631
0.708979
0.7089544
0.6979534
0.7095214
0.7142854
0.6998845
0.7072428
0.7157514
0.700775
0.7046933
0.704393
0.6855646
0.6977522
0.7032218
0.690929
0.7080227
0.7149527
0.6974976
0.7080041
0.7173742
0.6960019
0.6880374
0.7011482
0.6979438
0.6849285
0.6979478
0.7067284
0.6910089
0.6875481
0.7017609
0.7025087
0.6942734
0.70494
0.7169929
0.711189
0.7023037
0.7133027
0.7117675
0.6911474
0.7011731
0.7014805
0.6783964
0.6881985
0.702703
0.692821
0.6870937
0.701072
0.7080201
0.6969897
0.7072479
0.7197515
0.7098877
0.7094703
0.720366
0.7184445
0.7078269
0.715872
0.7155452
0.6982457
0.7055623
0.7193086
0.7126682
0.7019216
0.7150045
0.7269493
0.71117
0.7158731
0.732324
0.7126669
0.709034
0.7410262
0.7304159
0.6911128
0.6926726
0.7035229
0.6907921
0.6745189
0.6659875
0.6653384
0.6777105
0.6723708
0.6497204
0.6652156
0.6786287
0.6623974
0.6600413
0.6507923
0.6301737
0.6322569
0.6398993
0.6468739
0.6488223
0.6392671
0.646406
0.6640276
0.6714634
0.6723546
0.6794861
0.6754994
0.656981
0.6620263
0.6736623
0.664448
0.6543483
0.6616976
0.6715173
0.6689612
0.6699327
0.6879757
0.6927109
0.6786143
0.6919573
0.7077272
0.6945301
0.6946148
0.7120746
0.7068401
0.6889042
0.6926393
0.7024597
0.6912178
0.6745298
0.6845413
0.6999582
0.6909653
0.6810095
0.6933719
0.7018351
0.6897932
0.6976827
0.7181714
0.7166508
0.7043935
0.7160913
0.7251448
0.7033637
0.7079068
0.7374634
0.7347606
0.7096497
0.7252367
0.7554177
0.7401273
0.7186773
0.7310934
0.7464459
0.7296174
0.7055557
0.7058417
0.7336685
0.738381
0.7078485
0.7070623
0.7194138
0.7164983
0.7102364
0.6984452
0.685781
0.6651519
0.6505516
0.6614352
0.6804347
0.6829557
0.6711405
0.6777037
0.6956544
0.7017343
0.6911138
0.6855745
0.7020628
0.7149162
0.7024296
0.6891397
0.6998217
0.7135372
0.7036077
0.6898424
0.7047328
0.7252904
0.7154805
0.6934595
0.7040425
0.7177894
0.7022912
0.6921989
0.7035778
0.7146089
0.7072646
0.695383
0.7030313
0.7083036
0.6920936
0.6955896
0.7076291
0.6956125
0.6942731
0.7062467
0.7193529
0.7163463
0.7017287
0.708449
0.7276958
0.7248244
0.6970235
0.7104846
0.741903
0.732388
0.7155477
0.7331532
0.7467195
0.7257631
0.7259908
0.7508564
0.7472953
0.7222889
0.7295314
0.7534039
0.7464011
0.7197159
0.7267242
0.73832
0.7194158
0.7109504
0.7273035
0.7311189
0.7075696
0.7127778
0.7357502
0.7218265
0.6997343
0.7078991
0.7276954
0.7197851
0.6927113
0.7049417
0.721905
0.7012801
0.6939371
0.7092361
0.7067088
0.6931855
0.7134916
0.7684942
0.7866275
0.7549971
0.7423863
0.7459365
0.7240558
0.6918631
0.6871154
0.6885598
0.6796744
0.672245
0.6681919
0.6655166
0.6538228
0.6440394
0.6508502
0.6560948
0.6553253
0.6586912
0.6522577
0.6435536
0.6524983
0.6659228
0.6629222
0.6535615
0.6629325
0.6793137
0.6819937
0.6802298
0.7176874
0.788966
0.8112032
0.7665677
0.7249836
0.7103057
0.6964967
0.701709
0.718285
0.7156979
0.7066356
0.7215636
0.730617
0.7123144
0.7283829
0.7438571
0.7264293
0.7272061
0.7538939
0.7654037
0.7460391
0.744388
0.7711885
0.7792575
0.7515159
0.7471818
0.755451
0.7605853
0.757512
0.7309064
0.7281982
0.7402562
0.7511685
0.7389666
0.725796
0.7336624
0.7419206
0.7371174
0.7139006
0.7146071
0.727133
0.7122312
0.6918232
0.7012746
0.7229142
0.7125144
0.6919878
0.7084109
0.7375308
0.7307358
0.7027616
0.7082765
0.7248532
0.7230798
0.707533
0.6884844
0.6896301
0.7036104
0.7137428
0.7037827
0.6947944
0.7046141
0.7217498
0.7165258
0.694416
0.7051048
0.7309773
0.7267643
0.7057167
0.720595
0.7484648
0.7407149
0.7230598
0.7386784
0.7534991
0.7359008
0.7265724
0.7459892
0.7486839
0.7203693
0.7272983
0.7507818
0.7349918
0.70694
0.7194056
0.7367654
0.7193973
0.7047246
0.7203524
0.7254599
0.7016779
0.7128774
0.7380416
0.7227706
0.6995813
0.7140416
0.7305519
0.7155251
0.7026221
0.7193599
0.7210717
0.69563
0.705384
0.7201289
0.7063464
0.6921327
0.7041583
0.7121218
0.6927077
0.6947253
0.7169779
0.7113784
0.6906702
0.7060959
0.7289188
0.7241538
0.7108746
0.7082185
0.7068214
0.6983969
0.7083221
0.7134527
0.69308
0.6935921
0.7048726
0.7055426
0.7049042
0.6935139
0.6865335
0.6771672
0.663699
0.6638753
0.6646094
0.6592642
0.6471474
0.6332535
0.6338785
0.6462272
0.6530877
0.6427855
0.6278524
0.6247597
0.6305679
0.6349544
0.6272463
0.6184365
0.6233269
0.6289913
0.6212782
0.6179112
0.6317118
0.6445651
0.648183
0.6509825
0.644916
0.6347531
0.6324026
0.6260156
0.6229129
0.6280259
0.6274328
0.6260222
0.6334567
0.6455571
0.6506941
0.648255
0.6513838
0.6606224
0.6626053
0.655173
0.6581474
0.6694068
0.6721386
0.6686603
0.6667011
0.6739049
0.6826521
0.6773027
0.6672454
0.670625
0.684626
0.6947095
0.6904397
0.6875575
0.7000705
0.7033239
0.6894764
0.690269
0.7055111
0.6983428
0.678461
0.6844684
0.6984434
0.6914289
0.6813782
0.6942328
0.69822
0.6822168
0.6909588
0.7088292
0.7006305
0.6851399
0.7003285
0.7174021
0.7036087
0.6993916
0.7135478
0.7084836
0.6900762
0.7037509
0.7196577
0.7046724
0.7045686
0.7287547
0.7260869
0.7017877
0.7075067
0.7299662
0.7257441
0.7014237
0.7042772
0.7260156
0.7197334
0.698991
0.7095938
0.7354295
0.7280394
0.7025846
0.7147646
0.7414137
0.7337897
0.7125718
0.7089214
0.7313372
0.7310023
0.7038244
0.7132089
0.7350755
0.7185913
0.6938725
0.7021469
0.7220628
0.712629
0.6892019
0.6995309
0.7231381
0.7159408
0.7011819
0.7213865
0.7409807
0.7338285
0.7330335
0.728353
0.6887408
0.6434281
0.6403927
0.6367408
0.6901706
0.7955639
0.7933284
0.7527292
0.7547083
0.7568738
0.738361
0.7193518
0.7446087
0.7783238
0.7736956
0.7626023
0.7823563
0.7915725
0.7590972
0.7630823
0.7823517
0.7575628
0.7514995
0.7756252
0.805899
0.8086735
0.776013
0.7745992
0.7783318
0.7492755
0.7413478
0.7642877
0.7579901
0.7226679
0.7290801
0.7496686
0.7337261
0.7100643
0.7163019
0.7267796
0.7136463
0.7054489
0.7142506
0.7196956
0.7086133
0.7003783
0.7150482
0.7194403
0.7006207
0.70474
0.7212024
0.7110448
0.6906245
0.6987164
0.715903
0.7066907
0.6932715
0.7032348
0.7143841
0.7059271
0.6966782
0.7101112
0.7196928
0.7049335
0.7061242
0.7302383
0.7309261
0.7095838
0.7225258
0.7476508
0.7329702
0.7094786
0.7218598
0.7494025
0.7393682
0.7086807
0.7140802
0.7358916
0.7302369
0.7101063
0.7275135
0.7448604
0.7225824
0.7222966
0.7475172
0.7458281
0.7225471
0.7348325
0.751221
0.730844
0.7201089
0.7368376
0.736404
0.7118029
0.711562
0.7311685
0.7265428
0.7027192
0.7047481
0.7235559
0.7197529
0.7025204
0.7131474
0.7331775
0.7222269
0.7158517
0.7302642
0.7278426
0.7115905
0.7184124
0.7278622
0.7133315
0.7084985
0.7215606
0.716463
0.6969963
0.707733
0.7263719
0.7165149
0.7077095
0.7236821
0.72766
0.7052076
0.7153678
0.7395356
0.7311211
0.7277551
0.7478449
0.7462675
0.720015
0.7317086
0.7458234
0.7238329
0.7215963
0.7446438
0.7446876
0.7192958
0.7339485
0.7465955
0.7174482
0.7254277
0.7426748
0.7233631
0.7236703
0.7411045
0.7290024
0.7157714
0.7315135
0.7304248
0.7039577
0.7145749
0.7293292
0.7101882
0.7058579
0.7278777
0.7269656
0.7027286
0.7143645
0.743377
0.7382805
0.715159
0.7259854
0.7379951
0.7164857
0.7118107
0.7281069
0.7215644
0.7001994
0.7092475
0.7227788
0.7093483
0.6977141
0.7086011
0.7145638
0.7012346
0.7013908
0.718806
0.7225544
0.7036988
0.714141
0.7239526
0.7295039
0.7026146
0.6459427
0.697412
0.7722635
0.7843531
0.7490593
0.7168543
0.7020714
0.6802609
0.6874705
0.6981662
0.689112
0.685147
0.6972951
0.7170677
0.7220031
0.7112722
0.7261569
0.7571105
0.7607371
0.7454149
0.7561881
0.7616479
0.7384955
0.7433142
0.7579082
0.744962
0.736658
0.744418
0.7547809
0.7482352
0.7249852
0.7308703
0.7541059
0.7422088
0.7170795
0.7296078
0.7561885
0.775218
0.7653217
0.732744
0.7449145
0.7697658
0.7498251
0.7217223
0.7351107
0.7591844
0.7455383
0.7238946
0.7396173
0.7548155
0.7395339
0.737517
0.7611388
0.7595432
0.7298036
0.7423095
0.7657296
0.7456377
0.7271662
0.7437286
0.7469703
0.7201579
0.7161181
0.7372649
0.7382205
0.7124753
0.7147915
0.7336927
0.7215452
0.7036054
0.7187352
0.7406393
0.7306155
0.714485
0.7308445
0.7344829
0.7080108
0.7150315
0.7375639
0.7307417
0.7116582
0.7231721
0.7383884
0.7239168
0.7187616
0.7336793
0.7276707
0.7018922
0.714609
0.7346646
0.7215611
0.7137745
0.7338291
0.7434676
0.720828
0.7224363
0.7478081
0.7449691
0.7221436
0.733335
0.7452644
0.7213523
0.7249335
0.7433466
0.7322589
0.7155412
0.7277081
0.7311181
0.704931
0.7103574
0.73431
0.7278072
0.7109862
0.7232958
0.7432267
0.7319567
0.7175262
0.7309294
0.735704
0.7149695
0.7077877
0.7239159
0.7225317
0.6997631
0.7082408
0.729058
0.720547
0.7073538
0.7205293
0.7324557
0.7188654
0.7092311
0.7276322
0.7253175
0.7249369
0.6980056
0.6482034
0.6890039
0.7174381
0.6762054
0.651847
0.6556095
0.682592
0.7388446
0.7440693
0.7266233
0.7175701
0.7070853
0.7286419
0.7417376
0.728056
0.7487831
0.7805425
0.7696265
0.7614989
0.7723829
0.7737284
0.7472198
0.7398529
0.7532684
0.7386508
0.7144147
0.7196291
0.7320924
0.7195457
0.7023224
0.7171982
0.7401318
0.732289
0.7164456
0.7321505
0.7460644
0.7295034
0.7218715
0.736057
0.7354531
0.7126982
0.7170078
0.7335809
0.7296676
0.7205326
0.7291403
0.7449467
0.7330406
0.7108906
0.7227708
0.7423843
0.7267382
0.7077907
0.716612
0.7260504
0.7106666
0.6956557
0.7101354
0.7173014
0.7007588
0.7054195
0.7272108
0.7223446
0.7014028
0.7088466
0.7270388
0.7226968
0.7085303
0.7188249
0.7276664
0.7111669
0.7106916
0.7261301
0.7219802
0.7033843
0.7132566
0.7275714
0.714734
0.7064403
0.7196563
0.720993
0.7011183
0.7120195
0.7328959
0.7218149
0.7126797
0.7329277
0.7423186
0.7156256
0.7196758
0.729648
0.7065354
0.7033891
0.7052108
0.6971454
0.6794854
0.6618907
0.6570833
0.6541395
0.6472177
0.6337321
0.6337429
0.6360215
0.6281416
0.6241006
0.6218457
0.6180447
0.6140437
0.6076112
0.6006815
0.6007665
0.6030139
0.599609
0.5945986
0.5902652
0.5880998
0.5888421
0.5835823
0.5801904
0.5826551
0.5855442
0.5859995
0.5853389
0.5898708
0.5938624
0.5951153
0.5947346
0.5944228
0.5966924
0.5981016
0.5968203
0.5941065
0.5942705
0.5965788
0.5951805
0.595211
0.597652
0.5971772
0.5936739
0.591629
0.5957154
0.5988385
0.5926215
0.5858612
0.5864299
0.5906662
0.5919231
0.5879336
0.5887131
0.5918937
0.5933136
0.592213
0.5868057
0.5878575
0.5929006
0.5894439
0.584002
0.5863774
0.588183
0.5813438
0.574085
0.5776265
0.5817204
0.5781204
0.577336
0.578403
0.5754316
0.5705301
0.5699662
0.5729075
0.5751443
0.5733816
0.5687943
0.570717
0.5716691
0.5696287
0.5658945
0.5648681
0.5722579
0.5729042
0.5672707
0.5626627
0.5629174
0.5680138
0.5663404
0.5609086
0.5603576
0.5637975
0.5625529
0.5588356
0.5513813
0.5645825
0.5438738
0.5773952
0.6606586
0.5745492
0.5509094
0.6521953
0.7088909
0.6396281
0.5805358
0.6847984
0.6331984
0.6399227
0.7612758
0.6790115
0.6690385
0.6931628
0.6552397
0.6852838
0.6808732
0.6668737
0.6604405
0.6848603
0.7289919
0.6546646
0.622136
0.6697655
0.6800412
0.6858606
0.6448789
0.6409882
0.7011617
0.6627126
0.6355571
0.6528416
0.6713436
0.6963333
0.6871611
0.681488
0.6634416
0.6644461
0.6639187
0.6664922
0.6303257
0.6305867
0.7310542
0.6924873
0.6287506
0.6296215
0.6409458
0.7377798
0.7191756
0.6697027
0.6690416
0.5877416
0.5779017
0.5953342
0.5810853
0.5765173
0.5651637
0.5664944
0.5600238
0.5590368
0.5467049
0.5636437
0.6370869
0.6574761
0.6275132
0.6595363
0.7117787
0.6808806
0.6615569
0.686135
0.706324
0.6471972
0.6424903
0.7116971
0.6652262
0.6299746
0.6237573
0.6149195
0.6472889
0.6882267
0.711468
0.6905653
0.6583544
0.6659799
0.6359838
0.6535081
0.6756248
0.6598076
0.7104871
0.6882475
0.6567766
0.652205
0.6320092
0.6265895
0.6519084
0.6877217
0.6719176
0.6447496
0.6264091
0.6623544
0.7039182
0.637299
0.6592605
0.7311953
0.667712
0.6133161
0.6437906
0.6788235
0.6550347
0.6455477
0.6482613
0.6808752
0.7109672
0.6810176
0.6943883
0.7000116
0.6518598
0.6182626
0.6368897
0.6521516
0.6661981
0.7192979
0.7504666
0.729305
0.6550321
0.6090077
0.6412258
0.6770786
0.6908669
0.7130231
0.6755469
0.6357583
0.6755831
0.6655679
0.6623923
0.6734402
0.6830958
0.6569888
0.6179135
0.6799851
0.686504
0.6542227
0.6718514
0.6662273
0.6843983
0.7154347
0.6671168
0.671749
0.7047903
0.7178538
0.6901834
0.6730367
0.7091235
0.7026548
0.7047177
0.638041
0.6579422
0.7083596
0.6453067
0.6308486
0.632169
0.6203861
0.6569229
0.6607651
0.6061805
0.6629771
0.7140768
0.7529649
0.6883322
0.5941464
0.6499008
0.6354675
0.6089999
0.5752007
0.6419004
0.6821094
0.5733477
0.5586157
0.569081
0.5646496
0.5617852
0.5531732
0.557203
0.561443
0.5569936
0.5548089
0.5691313
0.5929287
0.6069826
0.6021078
0.5933968
0.5929735
0.5904325
0.5837211
0.580493
0.5806502
0.5778995
0.5744802
0.5722675
0.5666225
0.5593117
0.5561971
0.5700897
0.5813452
0.5754044
0.5799533
0.5936552
0.5943646
0.5867353
0.5892341
0.6018664
0.6072701
0.6014037
0.6049122
0.6211116
0.6233954
0.6149666
0.6279299
0.650151
0.6426279
0.6300607
0.6462909
0.6522758
0.6369026
0.6398535
0.6591121
0.6566268
0.6356858
0.6418646
0.654239
0.6375936
0.636182
0.6697336
0.6754077
0.6479535
0.6643106
0.6882229
0.6742433
0.6625298
0.647329
0.6608438
0.6873554
0.6697922
0.6665747
0.6999182
0.719093
0.6897763
0.6480435
0.6553097
0.6723712
0.6542315
0.6440007
0.6639537
0.6695793
0.6502534
0.6510368
0.6773704
0.685277
0.6617578
0.6572103
0.6785552
0.6728204
0.6488822
0.6545396
0.6767903
0.6697918
0.64919
0.6635157
0.6990139
0.6964367
0.6695457
0.6860536
0.7112661
0.6894492
0.6689776
0.6922096
0.7033239
0.6738585
0.6740949
0.7029759
0.6939517
0.6672551
0.6863751
0.7205881
0.7040955
0.6771134
0.6932274
0.7004982
0.670882
0.6652722
0.6852779
0.6783261
0.6509094
0.660793
0.6883728
0.672918
0.6488855
0.6667323
0.6902485
0.6701682
0.6526899
0.6734936
0.6764374
0.6550643
0.6647085
0.6901907
0.683515
0.6611197
0.6739662
0.6914359
0.670061
0.6640658
0.6868453
0.6846019
0.6617782
0.6634252
0.6855314
0.6773103
0.6509311
0.6617553
0.6747919
0.6574542
0.6492657
0.6611317
0.6690546
0.6566087
0.653739
0.6855776
0.6526157
0.6279958
0.7165108
0.7345192
0.6824295
0.6641962
0.6506757
0.6453137
0.6586734
0.6734938
0.6659814
0.6574343
0.6704238
0.6915803
0.694489
0.6762041
0.6737769
0.6969442
0.7002365
0.6756383
0.6794904
0.70351
0.698416
0.6769272
0.6859509
0.7052564
0.6943463
0.6885957
0.708132
0.7080715
0.6842125
0.688472
0.7062731
0.6949019
0.6794971
0.6976461
0.7073154
0.6865054
0.6913862
0.7135466
0.7064298
0.6884466
0.6975351
0.6986405
0.6734029
0.6731964
0.6877641
0.67879
0.6629289
0.6697466
0.6810517
0.672001
0.6618278
0.6714312
0.6779881
0.6655915
0.6628479
0.6742009
0.6745931
0.6689788
0.6847021
0.6939315
0.6766344
0.6777429
0.6956538
0.6871622
0.6667649
0.6641895
0.6641207
0.6545679
0.6469476
0.650742
0.6590443
0.6570861
0.6513887
0.6573694
0.6661703
0.6641473
0.6581114
0.6638757
0.6757861
0.6752367
0.6680385
0.6774386
0.6848772
0.6727403
0.6762992
0.6930545
0.6883234
0.6754377
0.6829552
0.6973813
0.6922137
0.6827364
0.6923265
0.6926301
0.6766993
0.6788837
0.6961225
0.6904526
0.6905847
0.7149346
0.6999135
0.6709669
0.7152339
0.7676267
0.7496053
0.729995
0.707053
0.68052
0.6896748
0.6969299
0.685492
0.6841523
0.697784
0.6944932
0.6834067
0.6939802
0.7124685
0.709855
0.6922374
0.6948007
0.7071996
0.6985813
0.6840093
0.6872844
0.698232
0.6936076
0.6829119
0.6904988
0.7059173
0.700463
0.688466
0.6967456
0.7061628
0.6969633
0.6834557
0.6835626
0.6912158
0.6867235
0.6756415
0.6806973
0.690461
0.6847467
0.6790472
0.6899071
0.6944742
0.6835043
0.6926399
0.707858
0.7024684
0.6972201
0.7021678
0.7153094
0.7181231
0.7002616
0.6935284
0.7012025
0.6945546
0.6809544
0.6843287
0.6884691
0.6793312
0.6821284
0.6932955
0.6897246
0.6840313
0.6949686
0.7015741
0.6910776
0.6880603
0.6937177
0.6905754
0.6837419
0.6814167
0.6839361
0.6923315
0.6903002
0.6779821
0.6780424
0.6846213
0.6828315
0.6750871
0.6758976
0.6838744
0.6801146
0.6769604
0.6862817
0.6909891
0.6856829
0.6817947
0.6900049
0.6948391
0.6869765
0.6870452
0.6980921
0.700901
0.6940905
0.6958197
0.6994734
0.6898298
0.6820655
0.6863068
0.6858221
0.6760708
0.6771833
0.6875383
0.6843055
0.6752343
0.6796498
0.6889857
0.6872053
0.6845067
0.6940764
0.7077765
0.6989974
0.6980561
0.6979819
0.7181133
0.6941346
0.6399343
0.6606979
0.6677401
0.6663402
0.6840544
0.7270954
0.7055166
0.6547948
0.647476
0.6335563
0.627211
0.6299844
0.6417718
0.6534617
0.6574966
0.6559565
0.6669092
0.681622
0.6823728
0.6758661
0.6822565
0.6975622
0.7025276
0.6928353
0.6894699
0.7018917
0.7103257
0.7050048
0.6996625
0.710364
0.7283819
0.7323936
0.7212287
0.7314017
0.7464865
0.7292087
0.7177058
0.7287613
0.7364121
0.7232133
0.7068246
0.7169352
0.7206274
0.7013892
0.7050071
0.7231275
0.7194349
0.7048531
0.7076989
0.7230717
0.7213534
0.7057563
0.7124916
0.7226185
0.7087368
0.7049764
0.7180919
0.7173799
0.6993165
0.6932542
0.7050618
0.7065308
0.6933276
0.6943117
0.7095542
0.7089017
0.6930362
0.6904252
0.6993291
0.6933449
0.6813462
0.6868058
0.6964879
0.6905716
0.6854532
0.7006688
0.7061853
0.6907486
0.6909707
0.7002681
0.693832
0.682557
0.6833254
0.6938189
0.6950599
0.6826165
0.6774783
0.6847355
0.6920575
0.687942
0.6807318
0.6903734
0.696109
0.6868228
0.6850373
0.6931472
0.6905364
0.6788186
0.6790924
0.6867791
0.6853913
0.6800175
0.6857458
0.693729
0.6917438
0.6853142
0.6864237
0.6934646
0.6917195
0.6834026
0.6844656
0.6923907
0.6885063
0.6790036
0.6817831
0.6911227
0.6909693
0.6831271
0.687015
0.698662
0.696168
0.6828604
0.6824756
0.6911443
0.6868694
0.6753524
0.6745577
0.6813311
0.6799156
0.6721693
0.6759641
0.6843915
0.6787697
0.6719418
0.6799086
0.6916383
0.6893331
0.682184
0.6932185
0.6988038
0.6851421
0.6864975
0.7012805
0.7013926
0.6885686
0.6899724
0.7049162
0.7012283
0.6842212
0.6874677
0.7076293
0.7093241
0.6916808
0.6955895
0.7158685
0.7177291
0.7051487
0.7075557
0.7186578
0.7122837
0.7024049
0.6974236
0.6883118
0.6789237
0.669877
0.6557903
0.6437594
0.6350405
0.6261404
0.6244386
0.6252475
0.6249495
0.6248773
0.6219997
0.6202414
0.6207576
0.6190038
0.613879
0.6092955
0.6089808
0.608752
0.6051602
0.6042061
0.6056844
0.6063381
0.6043617
0.6052397
0.6106358
0.6109525
0.6081275
0.6058503
0.6075967
0.6089107
0.6050339
0.5976514
0.5929459
0.5918364
0.5992849
0.5886889
0.6040809
0.6825712
0.7258661
0.6553494
0.6178879
0.6840947
